court,date,count
mogilevskaja,2019-04-15,200
minsk,2017-01-04,197
minsk,2017-01-05,178
minsk,2017-01-03,163
minsk,2017-04-18,159
minsk,2017-03-28,150
minsk,2017-03-29,146
minsk,2017-09-29,137
minsk,2017-05-05,135
minsk,2017-12-05,135
minsk,2017-04-05,134
minsk,2018-12-10,134
minsk,2017-03-16,133
minsk,2018-01-03,132
minsk,2017-01-31,131
minsk,2017-03-03,131
minsk,2017-03-06,131
minsk,2018-01-04,130
minsk,2017-04-21,129
minsk,2017-05-12,129
minsk,2017-06-26,129
minsk,2017-02-17,128
minsk,2019-06-17,126
minsk,2019-03-22,125
minsk,2017-02-24,124
minsk,2017-03-27,124
mogilevskaja,2018-02-12,124
minsk,2017-01-17,123
minsk,2017-04-06,123
mogilevskaja,2018-03-26,123
minsk,2017-03-14,121
minsk,2017-05-26,121
minsk,2017-12-29,121
minsk,2018-11-30,121
minsk,2017-03-20,120
minsk,2017-05-02,120
minsk,2020-05-28,120
minsk,2017-02-09,119
mogilevskaja,2019-04-01,119
minsk,2017-02-20,118
minsk,2017-04-03,118
minsk,2017-04-10,118
minsk,2017-05-15,118
minsk,2017-12-04,118
minsk,2019-03-26,118
mogilevskaja,2020-05-18,118
minsk,2017-04-26,117
minsk,2017-08-11,117
minsk,2020-05-26,117
mogilevskaja,2018-06-18,117
minsk,2017-02-10,116
minsk,2017-04-07,116
minsk,2017-04-17,116
minsk,2017-06-05,116
minsk,2017-08-31,114
minsk,2017-11-27,114
minsk,2017-12-20,114
mogilevskaja,2019-07-01,114
minsk,2019-08-26,113
mogilevskaja,2019-04-29,113
minsk,2017-03-13,112
minsk,2017-06-22,112
minsk,2017-06-28,112
minsk,2017-03-31,111
minsk,2017-06-12,111
minsk,2020-02-13,111
minsk,2017-03-02,110
minsk,2017-05-17,110
minsk,2017-11-08,110
minsk,2018-04-02,110
minsk,2019-06-24,110
minsk,2020-05-22,110
minsk,2020-05-25,110
mogilevskaja,2018-01-03,110
mogilevskaja,2018-06-11,110
mogilevskaja,2019-05-20,110
mogilevskaja,2019-10-21,110
minsk,2017-02-13,109
minsk,2017-10-09,109
minsk,2017-12-26,109
minsk,2018-04-03,109
mogilevskaja,2018-12-28,109
mogilevskaja,2019-12-30,109
minsk,2017-01-30,108
minsk,2017-02-27,108
minsk,2017-06-07,108
minsk,2017-11-28,108
minsk,2017-01-18,107
minsk,2017-02-22,107
minsk,2017-11-13,107
minsk,2020-05-29,107
minsk,2017-02-21,106
minsk,2017-09-01,106
minsk,2017-11-16,106
minsk,2017-11-30,106
minsk,2018-02-02,106
minsk,2018-06-26,106
minsk,2018-12-28,106
minsk,2019-03-11,106
minsk,2017-03-22,105
minsk,2017-10-13,105
minsk,2017-12-28,105
minsk,2018-02-23,105
minsk,2019-06-03,105
minsk,2019-08-05,105
minsk,2019-12-09,105
minsk,2020-05-27,105
mogilevskaja,2018-07-04,105
minsk,2017-03-17,104
minsk,2017-04-11,104
minsk,2017-10-27,104
minsk,2018-09-17,104
minsk,2020-03-12,104
minsk,2020-03-16,104
mogilevskaja,2019-02-25,104
minsk,2017-02-16,103
minsk,2017-02-28,103
minsk,2017-03-09,103
minsk,2017-07-17,103
minsk,2017-11-23,103
minsk,2017-12-06,103
minsk,2018-11-15,103
minsk,2019-12-16,103
minsk,2017-03-30,102
minsk,2017-05-10,102
minsk,2017-10-26,102
minsk,2018-10-15,102
minsk,2018-12-03,102
minsk,2019-06-21,102
mogilevskaja,2018-02-26,102
mogilevskaja,2018-08-20,102
mogilevskaja,2019-11-11,102
minsk,2017-06-29,101
minsk,2017-06-30,101
minsk,2017-11-17,101
minsk,2018-12-14,101
minsk,2018-12-29,101
minsk,2019-08-12,101
minsk,2017-01-26,100
minsk,2017-02-23,100
minsk,2017-11-20,100
minsk,2017-12-15,100
minsk,2018-03-12,100
minsk,2018-11-27,100
minsk,2019-12-05,100
minsk,2020-01-03,100
minsk,2020-02-17,100
mogilevskaja,2019-01-16,100
mogilevskaja,2019-12-09,100
mogilevskaja,2020-02-17,100
minsk,2017-02-15,99
minsk,2017-03-01,99
minsk,2017-03-10,99
minsk,2017-03-15,99
minsk,2017-03-23,99
minsk,2017-04-20,99
minsk,2017-04-28,99
minsk,2017-08-22,99
minsk,2017-12-08,99
minsk,2018-04-11,99
minsk,2019-09-30,99
minsk,2019-12-31,99
mogilevskaja,2018-09-17,99
mogilevskaja,2018-10-18,99
mogilevskaja,2019-05-17,99
mogilevskaja,2019-06-03,99
minsk,2017-05-04,98
minsk,2017-05-16,98
minsk,2017-08-15,98
minsk,2018-03-05,98
minsk,2018-03-23,98
minsk,2018-09-10,98
minsk,2019-03-25,98
minsk,2019-09-27,98
minsk,2019-12-27,98
minsk,2020-04-06,98
mogilevskaja,2018-02-05,98
mogilevskaja,2019-01-28,98
minsk,2017-07-11,97
minsk,2017-08-07,97
minsk,2018-05-17,97
minsk,2018-11-28,97
minsk,2017-05-19,96
minsk,2017-06-01,96
minsk,2018-06-15,96
minsk,2017-02-08,95
minsk,2017-02-14,95
minsk,2017-08-04,95
minsk,2017-09-20,95
minsk,2017-10-16,95
minsk,2018-04-05,95
minsk,2018-04-09,95
minsk,2018-10-01,95
minsk,2018-11-22,95
minsk,2019-05-10,95
minsk,2019-07-15,95
minsk,2019-09-16,95
minsk,2020-02-03,95
minsk,2020-03-09,95
minsk,2020-05-18,95
mogilevskaja,2018-04-02,95
mogilevskaja,2018-07-20,95
mogilevskaja,2018-09-03,95
mogilevskaja,2020-03-30,95
minsk,2017-01-25,94
minsk,2017-03-21,94
minsk,2017-04-04,94
minsk,2017-05-06,94
minsk,2017-05-22,94
minsk,2017-07-04,94
minsk,2017-08-18,94
minsk,2017-11-03,94
minsk,2017-12-18,94
minsk,2018-03-30,94
minsk,2018-06-13,94
minsk,2018-09-13,94
minsk,2018-11-12,94
minsk,2019-07-01,94
minsk,2019-12-30,94
mogilevskaja,2018-05-11,94
mogilevskaja,2018-11-12,94
minsk,2017-01-12,93
minsk,2017-02-06,93
minsk,2017-04-29,93
minsk,2017-06-16,93
minsk,2017-08-25,93
minsk,2018-03-22,93
minsk,2019-03-12,93
minsk,2019-06-13,93
minsk,2019-08-02,93
minsk,2020-05-13,93
minsk,2020-06-01,93
minsk,2017-10-02,92
minsk,2017-10-05,92
minsk,2018-05-14,92
minsk,2018-05-23,92
minsk,2019-06-04,92
minsk,2019-07-22,92
minsk,2019-10-21,92
mogilevskaja,2018-04-23,92
minsk,2017-03-07,91
minsk,2017-06-19,91
minsk,2017-07-14,91
minsk,2017-08-09,91
minsk,2018-01-29,91
minsk,2018-02-01,91
minsk,2018-02-12,91
minsk,2018-07-20,91
minsk,2018-08-09,91
minsk,2018-12-21,91
minsk,2019-04-16,91
minsk,2019-04-29,91
minsk,2019-05-27,91
minsk,2019-07-08,91
minsk,2019-09-06,91
minsk,2019-09-09,91
minsk,2019-10-02,91
minsk,2019-12-13,91
minsk,2020-05-14,91
minsk,2020-05-20,91
mogilevskaja,2019-04-22,91
minsk,2017-07-12,90
minsk,2017-08-08,90
minsk,2017-11-22,90
minsk,2017-12-11,90
minsk,2019-03-29,90
minsk,2019-05-20,90
minsk,2019-11-11,90
minsk,2019-11-25,90
minsk,2019-12-26,90
minsk,2020-04-03,90
minsk,2020-04-13,90
minsk,2020-05-21,90
minsk,2017-05-11,89
minsk,2017-06-09,89
minsk,2017-07-19,89
minsk,2017-07-24,89
minsk,2017-09-18,89
minsk,2017-10-30,89
minsk,2017-12-27,89
minsk,2018-05-25,89
minsk,2018-06-07,89
minsk,2019-11-15,89
minsk,2020-03-23,89
minsk,2020-04-20,89
minskaja,2019-12-12,89
mogilevskaja,2019-05-10,89
minsk,2017-01-21,88
minsk,2017-01-23,88
minsk,2018-01-18,88
minsk,2018-03-26,88
minsk,2018-05-24,88
minsk,2018-09-21,88
minsk,2018-12-17,88
minsk,2019-04-22,88
minsk,2019-06-10,88
minsk,2019-10-14,88
minsk,2020-01-20,88
minsk,2020-03-04,88
minsk,2020-04-29,88
minsk,2018-02-16,87
minsk,2019-03-14,87
minsk,2019-03-21,87
minsk,2017-02-07,86
minsk,2017-03-24,86
minsk,2017-06-23,86
minsk,2017-08-14,86
minsk,2017-08-28,86
minsk,2017-09-11,86
minsk,2018-04-23,86
minsk,2018-09-20,86
minsk,2018-09-25,86
minsk,2018-11-19,86
minsk,2018-11-26,86
minsk,2020-04-08,86
minsk,2017-06-20,85
minsk,2017-09-08,85
minsk,2018-03-19,85
minsk,2018-03-28,85
minsk,2018-06-04,85
minsk,2018-06-19,85
minsk,2018-11-23,85
minsk,2018-12-12,85
minsk,2019-03-04,85
minsk,2019-04-01,85
minsk,2019-06-14,85
minsk,2019-09-23,85
minsk,2019-10-07,85
minsk,2019-11-22,85
minsk,2019-12-23,85
minsk,2020-01-27,85
minsk,2020-02-10,85
minsk,2020-03-02,85
minsk,2020-05-11,85
mogilevskaja,2018-03-12,85
mogilevskaja,2018-05-24,85
mogilevskaja,2018-09-24,85
mogilevskaja,2019-03-04,85
minsk,2017-04-12,84
minsk,2017-04-13,84
minsk,2017-04-14,84
minsk,2017-07-18,84
minsk,2017-11-21,84
minsk,2017-12-19,84
minsk,2017-12-21,84
minsk,2018-07-04,84
minsk,2018-09-06,84
minsk,2018-09-24,84
minsk,2018-12-13,84
minsk,2019-08-30,84
minsk,2019-11-05,84
minsk,2020-02-20,84
mogilevskaja,2018-12-03,84
mogilevskaja,2019-02-01,84
gomelskaja,2020-05-11,83
minsk,2017-01-16,83
minsk,2017-02-02,83
minsk,2017-02-03,83
minsk,2017-05-29,83
minsk,2017-06-14,83
minsk,2017-09-14,83
minsk,2018-02-08,83
minsk,2018-10-08,83
minsk,2018-10-30,83
minsk,2019-04-15,83
minsk,2019-07-19,83
minsk,2019-07-29,83
minsk,2019-10-28,83
minsk,2020-03-30,83
minsk,2020-04-09,83
minskaja,2019-12-24,83
mogilevskaja,2018-01-15,83
mogilevskaja,2018-08-27,83
mogilevskaja,2018-11-23,83
minsk,2017-05-30,82
minsk,2017-11-01,82
minsk,2018-02-09,82
minsk,2018-04-10,82
minsk,2018-04-19,82
minsk,2018-06-21,82
minsk,2019-02-15,82
minsk,2019-05-24,82
minsk,2019-08-09,82
mogilevskaja,2018-03-19,82
mogilevskaja,2019-01-25,82
mogilevskaja,2020-05-04,82
minsk,2017-06-08,81
minsk,2017-09-15,81
minsk,2017-09-25,81
minsk,2017-10-20,81
minsk,2017-11-02,81
minsk,2018-09-27,81
minsk,2019-01-02,81
minsk,2019-05-17,81
minsk,2019-09-02,81
minsk,2019-12-02,81
minsk,2019-12-19,81
minsk,2020-02-21,81
minsk,2020-02-27,81
minsk,2020-05-15,81
minskaja,2019-04-08,81
mogilevskaja,2020-03-09,81
minsk,2018-01-15,80
minsk,2018-02-05,80
minsk,2018-02-19,80
minsk,2018-05-04,80
minsk,2018-08-30,80
minsk,2018-09-03,80
minsk,2018-09-28,80
minsk,2018-11-29,80
minsk,2018-12-22,80
minsk,2019-01-28,80
minsk,2019-11-16,80
minsk,2019-12-06,80
minsk,2020-02-07,80
mogilevskaja,2018-09-20,80
mogilevskaja,2019-02-18,80
mogilevskaja,2019-03-01,80
mogilevskaja,2019-09-23,80
minsk,2017-06-27,79
minsk,2017-10-04,79
minsk,2017-11-24,79
minsk,2017-12-01,79
minsk,2018-04-28,79
minsk,2018-06-01,79
minsk,2018-08-15,79
minsk,2018-10-25,79
minsk,2019-01-21,79
minsk,2019-01-29,79
minsk,2019-02-18,79
minsk,2019-04-08,79
minsk,2019-05-11,79
minsk,2019-05-22,79
minsk,2019-06-20,79
minsk,2019-07-12,79
minsk,2019-11-04,79
minsk,2020-03-03,79
minsk,2020-05-19,79
minskaja,2017-05-30,79
minskaja,2019-01-04,79
mogilevskaja,2018-07-16,79
mogilevskaja,2018-10-15,79
mogilevskaja,2020-02-03,79
minsk,2017-01-27,78
minsk,2017-09-13,78
minsk,2017-11-15,78
minsk,2018-11-01,78
minsk,2019-03-18,78
minsk,2020-01-31,78
minskaja,2017-07-25,78
mogilevskaja,2019-06-10,78
mogilevskaja,2020-02-13,78
mogilevskaja,2020-02-21,78
mogilevskaja,2020-04-13,78
mogilevskaja,2020-05-29,78
minsk,2017-06-15,77
minsk,2017-07-13,77
minsk,2017-08-10,77
minsk,2017-10-23,77
minsk,2018-03-13,77
minsk,2018-05-11,77
minsk,2018-05-18,77
minsk,2018-06-20,77
minsk,2018-07-27,77
minsk,2018-08-10,77
minsk,2018-10-17,77
minsk,2019-02-26,77
minsk,2019-06-19,77
minsk,2019-07-26,77
minsk,2019-08-19,77
minsk,2019-11-14,77
minsk,2019-12-20,77
minsk,2020-02-24,77
minsk,2020-04-30,77
minskaja,2017-12-13,77
minskaja,2019-11-22,77
mogilevskaja,2018-08-02,77
mogilevskaja,2018-10-01,77
minsk,2017-05-24,76
minsk,2017-07-26,76
minsk,2017-08-23,76
minsk,2017-08-30,76
minsk,2017-10-17,76
minsk,2017-11-10,76
minsk,2017-12-07,76
minsk,2017-12-22,76
minsk,2018-02-07,76
minsk,2018-02-13,76
minsk,2018-02-14,76
minsk,2018-02-15,76
minsk,2018-05-03,76
minsk,2018-05-31,76
minsk,2018-06-25,76
minsk,2018-07-16,76
minsk,2018-12-26,76
minsk,2019-02-19,76
minsk,2020-01-23,76
minsk,2020-02-12,76
minsk,2020-05-07,76
minskaja,2017-12-08,76
mogilevskaja,2018-12-19,76
mogilevskaja,2019-02-11,76
mogilevskaja,2019-09-30,76
minsk,2017-07-21,75
minsk,2017-07-28,75
minsk,2017-11-14,75
minsk,2018-03-01,75
minsk,2018-04-27,75
minsk,2018-10-04,75
minsk,2018-10-29,75
minsk,2019-02-01,75
minsk,2019-04-05,75
minsk,2019-04-30,75
minsk,2019-08-23,75
minsk,2019-10-10,75
minsk,2019-10-17,75
minsk,2020-06-05,75
mogilevskaja,2018-05-21,75
mogilevskaja,2018-12-10,75
mogilevskaja,2019-04-16,75
gomelskaja,2020-05-08,74
minsk,2017-01-20,74
minsk,2017-07-10,74
minsk,2017-08-24,74
minsk,2017-09-04,74
minsk,2017-09-21,74
minsk,2017-09-22,74
minsk,2017-11-09,74
minsk,2018-06-05,74
minsk,2018-08-13,74
minsk,2019-02-13,74
minsk,2019-04-10,74
minsk,2019-05-21,74
mogilevskaja,2018-10-08,74
mogilevskaja,2018-10-19,74
mogilevskaja,2019-01-02,74
mogilevskaja,2020-04-29,74
mogilevskaja,2020-05-14,74
minsk,2017-04-19,73
minsk,2017-06-13,73
minsk,2017-07-27,73
minsk,2017-10-25,73
minsk,2018-02-28,73
minsk,2018-05-30,73
minsk,2019-01-31,73
minsk,2019-05-02,73
minsk,2019-05-23,73
minsk,2019-08-08,73
minsk,2019-08-22,73
minsk,2019-11-29,73
minskaja,2019-06-14,73
mogilevskaja,2019-02-08,73
mogilevskaja,2019-04-08,73
mogilevskaja,2019-12-23,73
mogilevskaja,2020-02-10,73
mogilevskaja,2020-04-24,73
minsk,2017-01-13,72
minsk,2017-06-02,72
minsk,2017-09-05,72
minsk,2018-03-07,72
minsk,2018-04-13,72
minsk,2018-04-18,72
minsk,2019-09-17,72
minsk,2019-09-26,72
mogilevskaja,2018-12-29,72
mogilevskaja,2019-03-11,72
minsk,2017-07-05,71
minsk,2017-07-31,71
minsk,2017-08-17,71
minsk,2017-09-06,71
minsk,2018-03-14,71
minsk,2018-03-16,71
minsk,2018-03-29,71
minsk,2018-05-21,71
minsk,2018-05-28,71
minsk,2018-07-12,71
minsk,2018-09-19,71
minsk,2018-12-20,71
minsk,2019-02-25,71
minsk,2019-02-28,71
minsk,2019-04-09,71
minsk,2019-05-13,71
minsk,2019-09-13,71
minsk,2020-03-20,71
minsk,2020-03-26,71
minsk,2020-06-08,71
minskaja,2017-10-06,71
mogilevskaja,2018-11-05,71
mogilevskaja,2019-02-27,71
mogilevskaja,2019-04-03,71
mogilevskaja,2019-05-27,71
mogilevskaja,2019-06-12,71
mogilevskaja,2019-10-07,71
mogilevskaja,2020-01-03,71
minsk,2017-07-07,70
minsk,2017-08-03,70
minsk,2017-10-12,70
minsk,2017-12-14,70
minsk,2018-01-22,70
minsk,2018-05-22,70
minsk,2018-06-28,70
minsk,2018-07-06,70
minsk,2018-07-31,70
minsk,2019-01-22,70
minsk,2019-02-07,70
minsk,2019-04-02,70
minsk,2019-04-04,70
minsk,2019-06-05,70
minsk,2019-06-06,70
minsk,2019-09-24,70
minsk,2019-11-20,70
minsk,2020-01-15,70
minsk,2020-04-16,70
minsk,2020-04-22,70
minskaja,2017-12-20,70
mogilevskaja,2018-02-07,70
mogilevskaja,2018-05-23,70
mogilevskaja,2018-07-18,70
mogilevskaja,2018-07-23,70
mogilevskaja,2018-12-06,70
mogilevskaja,2019-03-22,70
mogilevskaja,2019-03-29,70
mogilevskaja,2019-05-14,70
mogilevskaja,2020-05-20,70
gomelskaja,2019-12-30,69
minsk,2017-05-18,69
minsk,2017-10-06,69
minsk,2017-10-31,69
minsk,2017-11-04,69
minsk,2017-12-12,69
minsk,2017-12-13,69
minsk,2018-03-15,69
minsk,2018-08-06,69
minsk,2018-11-06,69
minsk,2018-12-27,69
minsk,2019-10-04,69
minsk,2019-10-23,69
minsk,2019-12-17,69
minsk,2020-04-02,69
minsk,2020-06-03,69
minskaja,2017-08-01,69
mogilevskaja,2018-03-29,69
mogilevskaja,2018-06-01,69
mogilevskaja,2018-10-26,69
mogilevskaja,2018-12-13,69
mogilevskaja,2019-04-02,69
mogilevskaja,2019-11-14,69
gomelskaja,2020-05-04,68
minsk,2017-10-11,68
minsk,2017-10-19,68
minsk,2018-04-12,68
minsk,2018-06-18,68
minsk,2019-01-18,68
minsk,2019-01-30,68
minsk,2019-02-04,68
minsk,2019-02-20,68
minsk,2019-10-31,68
minsk,2019-11-18,68
minsk,2020-03-06,68
minsk,2020-06-10,68
minskaja,2017-12-19,68
minskaja,2018-09-19,68
mogilevskaja,2018-02-23,68
mogilevskaja,2018-03-16,68
mogilevskaja,2018-05-25,68
mogilevskaja,2018-07-31,68
mogilevskaja,2018-09-26,68
mogilevskaja,2018-11-15,68
mogilevskaja,2019-09-11,68
minsk,2018-01-25,67
minsk,2018-02-21,67
minsk,2018-02-22,67
minsk,2018-03-27,67
minsk,2018-04-04,67
minsk,2018-04-06,67
minsk,2018-04-14,67
minsk,2018-07-23,67
minsk,2018-08-14,67
minsk,2018-08-27,67
minsk,2018-10-31,67
minsk,2018-11-05,67
minsk,2019-01-24,67
minsk,2019-04-19,67
minsk,2019-11-27,67
minsk,2020-01-28,67
minsk,2020-03-13,67
minsk,2020-05-12,67
minskaja,2017-05-12,67
mogilevskaja,2018-11-19,67
mogilevskaja,2020-03-20,67
mogilevskaja,2020-05-08,67
gomelskaja,2020-02-10,66
minsk,2018-01-11,66
minsk,2018-04-20,66
minsk,2018-06-06,66
minsk,2018-07-09,66
minsk,2018-08-20,66
minsk,2019-10-03,66
minsk,2019-11-06,66
minsk,2019-12-04,66
minskaja,2018-09-05,66
minskaja,2019-03-29,66
mogilevskaja,2018-02-01,66
mogilevskaja,2018-02-14,66
mogilevskaja,2018-05-14,66
mogilevskaja,2018-11-21,66
mogilevskaja,2019-02-06,66
minsk,2017-02-01,65
minsk,2017-04-27,65
minsk,2017-08-21,65
minsk,2018-01-16,65
minsk,2018-03-06,65
minsk,2018-04-24,65
minsk,2018-10-18,65
minsk,2019-01-17,65
minsk,2019-01-25,65
minsk,2019-03-27,65
minsk,2019-06-28,65
minsk,2020-03-05,65
minsk,2020-05-05,65
minsk,2020-06-04,65
minskaja,2019-12-13,65
mogilevskaja,2018-03-05,65
mogilevskaja,2018-08-13,65
mogilevskaja,2019-02-20,65
mogilevskaja,2019-09-09,65
mogilevskaja,2019-11-29,65
mogilevskaja,2019-12-26,65
mogilevskaja,2020-01-22,65
mogilevskaja,2020-03-16,65
mogilevskaja,2020-04-20,65
minsk,2017-05-31,64
minsk,2018-06-11,64
minsk,2018-07-17,64
minsk,2018-10-22,64
minsk,2019-02-21,64
minsk,2019-02-27,64
minsk,2019-04-11,64
minsk,2019-08-16,64
minsk,2019-09-04,64
minsk,2019-10-25,64
minsk,2019-11-21,64
minsk,2019-12-12,64
minsk,2020-01-29,64
minsk,2020-02-25,64
minskaja,2019-06-05,64
minskaja,2020-01-13,64
minskaja,2020-03-27,64
mogilevskaja,2018-01-23,64
mogilevskaja,2018-05-10,64
mogilevskaja,2019-11-19,64
mogilevskaja,2020-05-11,64
gomelskaja,2020-05-07,63
minsk,2017-07-06,63
minsk,2017-10-10,63
minsk,2017-10-24,63
minsk,2018-01-30,63
minsk,2018-02-26,63
minsk,2018-04-26,63
minsk,2018-05-07,63
minsk,2018-05-15,63
minsk,2018-05-16,63
minsk,2018-08-02,63
minsk,2018-11-16,63
minsk,2019-01-23,63
minsk,2019-02-11,63
minsk,2019-10-11,63
minsk,2020-03-19,63
minsk,2020-04-24,63
minskaja,2017-05-10,63
minskaja,2017-12-04,63
minskaja,2019-09-27,63
minskaja,2019-10-11,63
minskaja,2020-02-04,63
mogilevskaja,2018-04-09,63
mogilevskaja,2018-06-29,63
mogilevskaja,2019-01-30,63
mogilevskaja,2019-03-15,63
mogilevskaja,2019-07-08,63
mogilevskaja,2019-09-06,63
minsk,2017-05-03,62
minsk,2017-07-20,62
minsk,2018-01-24,62
minsk,2018-03-20,62
minsk,2018-05-02,62
minsk,2018-05-10,62
minsk,2018-07-26,62
minsk,2018-12-07,62
minsk,2019-03-28,62
minsk,2019-04-23,62
minsk,2020-02-14,62
minsk,2020-02-28,62
minsk,2020-03-25,62
minskaja,2017-09-25,62
minskaja,2017-12-12,62
mogilevskaja,2018-02-15,62
mogilevskaja,2018-04-27,62
mogilevskaja,2019-01-21,62
mogilevskaja,2019-02-07,62
mogilevskaja,2019-02-14,62
mogilevskaja,2019-09-16,62
mogilevskaja,2020-03-12,62
gomelskaja,2020-05-15,61
minsk,2017-05-25,61
minsk,2018-01-26,61
minsk,2018-05-29,61
minsk,2018-06-08,61
minsk,2018-09-14,61
minsk,2018-10-12,61
minsk,2018-11-09,61
minsk,2019-06-07,61
minsk,2019-12-24,61
minsk,2020-02-18,61
minskaja,2017-09-27,61
minskaja,2017-11-21,61
minskaja,2019-02-13,61
minskaja,2019-12-17,61
mogilevskaja,2018-04-13,61
mogilevskaja,2018-05-02,61
mogilevskaja,2020-05-06,61
gomelskaja,2020-05-12,60
minsk,2018-02-27,60
minsk,2018-03-02,60
minsk,2018-03-21,60
minsk,2018-08-29,60
minsk,2018-09-05,60
minsk,2018-11-08,60
minsk,2019-04-12,60
minsk,2019-05-30,60
minsk,2019-09-12,60
minsk,2019-10-16,60
minsk,2019-11-13,60
minsk,2020-01-30,60
minsk,2020-06-11,60
minskaja,2017-10-10,60
minskaja,2019-01-29,60
minskaja,2020-03-17,60
mogilevskaja,2019-05-22,60
mogilevskaja,2019-09-19,60
mogilevskaja,2020-03-05,60
mogilevskaja,2020-03-11,60
mogilevskaja,2020-04-02,60
minsk,2017-01-19,59
minsk,2017-05-23,59
minsk,2017-09-27,59
minsk,2017-10-18,59
minsk,2018-01-20,59
minsk,2018-06-14,59
minsk,2018-09-07,59
minsk,2018-11-20,59
minsk,2019-05-29,59
minsk,2019-08-13,59
minsk,2020-05-06,59
minskaja,2019-01-02,59
minskaja,2020-01-09,59
mogilevskaja,2018-06-06,59
mogilevskaja,2018-11-26,59
mogilevskaja,2019-10-10,59
mogilevskaja,2019-11-27,59
minsk,2017-07-25,58
minsk,2017-08-01,58
minsk,2017-10-03,58
minsk,2018-01-12,58
minsk,2018-03-03,58
minsk,2018-06-29,58
minsk,2018-07-25,58
minsk,2018-11-02,58
minsk,2019-02-14,58
minsk,2019-03-01,58
minsk,2019-04-17,58
minsk,2019-04-26,58
minsk,2019-05-31,58
minsk,2019-11-12,58
minsk,2020-01-17,58
minsk,2020-02-06,58
minsk,2020-03-18,58
minsk,2020-03-24,58
minsk,2020-04-17,58
minsk,2020-04-23,58
minskaja,2017-10-03,58
minskaja,2017-12-14,58
minskaja,2019-01-03,58
mogilevskaja,2018-10-22,58
mogilevskaja,2018-12-05,58
mogilevskaja,2019-01-14,58
mogilevskaja,2019-01-31,58
mogilevskaja,2019-03-27,58
mogilevskaja,2020-03-06,58
mogilevskaja,2020-05-07,58
mogilevskaja,2020-05-27,58
gomelskaja,2020-05-18,57
minsk,2017-08-29,57
minsk,2017-09-28,57
minsk,2018-01-05,57
minsk,2018-06-27,57
minsk,2018-07-05,57
minsk,2018-08-16,57
minsk,2018-09-26,57
minsk,2018-10-26,57
minsk,2018-12-19,57
minsk,2019-01-14,57
minsk,2019-04-03,57
minsk,2019-05-16,57
minsk,2019-07-17,57
minsk,2019-10-22,57
minsk,2019-11-01,57
minsk,2020-03-27,57
minsk,2020-06-09,57
minskaja,2017-05-11,57
minskaja,2017-05-17,57
minskaja,2018-07-10,57
mogilevskaja,2018-10-31,57
mogilevskaja,2019-04-09,57
mogilevskaja,2019-07-15,57
mogilevskaja,2019-12-16,57
mogilevskaja,2020-02-28,57
mogilevskaja,2020-03-02,57
mogilevskaja,2020-05-25,57
minsk,2017-09-07,56
minsk,2018-04-25,56
minsk,2018-10-11,56
minsk,2018-10-19,56
minsk,2018-11-13,56
minsk,2019-06-27,56
minsk,2019-07-16,56
minsk,2019-08-21,56
minsk,2019-10-18,56
minsk,2020-01-13,56
minsk,2020-05-08,56
minsk,2020-06-02,56
minskaja,2017-07-31,56
minskaja,2017-11-20,56
minskaja,2018-09-06,56
minskaja,2018-10-29,56
minskaja,2018-12-14,56
minskaja,2019-02-01,56
minskaja,2019-03-15,56
minskaja,2020-03-02,56
mogilevskaja,2018-04-26,56
mogilevskaja,2018-04-28,56
mogilevskaja,2018-06-08,56
mogilevskaja,2018-07-17,56
mogilevskaja,2019-06-21,56
mogilevskaja,2019-07-29,56
mogilevskaja,2019-10-28,56
mogilevskaja,2019-12-02,56
mogilevskaja,2019-12-06,56
mogilevskaja,2020-03-04,56
mogilevskaja,2020-04-15,56
mogilevskaja,2020-05-28,56
minsk,2017-01-11,55
minsk,2017-06-21,55
minsk,2018-01-17,55
minsk,2018-07-11,55
minsk,2018-12-06,55
minsk,2019-08-01,55
minsk,2019-09-19,55
minsk,2019-11-28,55
minsk,2020-04-15,55
minskaja,2017-12-18,55
minskaja,2019-02-11,55
minskaja,2020-02-28,55
mogilevskaja,2018-01-29,55
mogilevskaja,2018-09-13,55
mogilevskaja,2018-11-16,55
mogilevskaja,2019-01-18,55
mogilevskaja,2019-06-19,55
mogilevskaja,2019-09-25,55
minsk,2017-06-06,54
minsk,2017-09-26,54
minsk,2018-01-31,54
minsk,2018-07-19,54
minsk,2018-07-30,54
minsk,2018-08-31,54
minsk,2019-08-07,54
minsk,2019-08-29,54
minsk,2019-09-05,54
minsk,2019-12-03,54
minsk,2020-01-21,54
minsk,2020-01-24,54
minskaja,2017-05-03,54
minskaja,2017-05-16,54
minskaja,2017-05-23,54
minskaja,2017-07-11,54
minskaja,2017-10-31,54
minskaja,2017-12-06,54
minskaja,2018-07-11,54
minskaja,2018-12-21,54
minskaja,2019-02-26,54
minskaja,2019-05-28,54
minskaja,2019-07-22,54
minskaja,2020-03-31,54
minskaja,2020-04-01,54
mogilevskaja,2018-05-17,54
mogilevskaja,2018-07-30,54
mogilevskaja,2018-12-21,54
mogilevskaja,2018-12-26,54
mogilevskaja,2019-06-17,54
mogilevskaja,2019-12-04,54
mogilevskaja,2020-03-19,54
mogilevskaja,2020-04-01,54
gomelskaja,2020-02-03,53
minsk,2018-06-12,53
minsk,2018-08-22,53
minsk,2018-08-23,53
minsk,2018-10-10,53
minsk,2019-02-08,53
minsk,2019-03-13,53
minsk,2019-06-26,53
minsk,2019-07-18,53
minsk,2020-01-22,53
minsk,2020-04-07,53
minskaja,2017-07-18,53
minskaja,2018-11-26,53
minskaja,2018-12-11,53
minskaja,2019-02-28,53
minskaja,2019-05-14,53
minskaja,2019-09-13,53
minskaja,2019-11-25,53
minskaja,2020-02-11,53
minskaja,2020-03-11,53
mogilevskaja,2018-05-07,53
mogilevskaja,2018-08-30,53
mogilevskaja,2018-09-10,53
mogilevskaja,2019-03-25,53
mogilevskaja,2019-09-02,53
minsk,2017-08-02,52
minsk,2018-02-06,52
minsk,2018-09-04,52
minsk,2018-09-12,52
minsk,2018-11-14,52
minsk,2019-02-12,52
minsk,2019-07-31,52
minsk,2019-09-11,52
minsk,2019-10-24,52
minsk,2020-03-11,52
minskaja,2017-08-08,52
minskaja,2017-09-26,52
minskaja,2017-10-17,52
minskaja,2017-11-04,52
minskaja,2018-10-09,52
minskaja,2018-11-09,52
minskaja,2018-11-16,52
minskaja,2018-12-12,52
minskaja,2019-04-09,52
minskaja,2019-05-02,52
minskaja,2020-01-30,52
mogilevskaja,2018-04-05,52
mogilevskaja,2018-04-18,52
mogilevskaja,2018-10-29,52
mogilevskaja,2018-11-01,52
mogilevskaja,2018-11-13,52
mogilevskaja,2019-06-20,52
mogilevskaja,2019-08-05,52
mogilevskaja,2019-08-26,52
mogilevskaja,2020-01-24,52
mogilevskaja,2020-01-30,52
gomelskaja,2020-01-27,51
gomelskaja,2020-04-24,51
minsk,2017-01-06,51
minsk,2018-01-19,51
minsk,2018-06-22,51
minsk,2018-08-07,51
minsk,2018-08-08,51
minsk,2019-01-11,51
minsk,2019-07-02,51
minsk,2019-07-11,51
minsk,2019-07-24,51
minsk,2019-09-18,51
minskaja,2017-07-05,51
minskaja,2017-10-20,51
minskaja,2017-11-15,51
minskaja,2018-07-09,51
minskaja,2018-10-15,51
minskaja,2018-11-06,51
minskaja,2019-03-18,51
minskaja,2019-05-20,51
minskaja,2019-11-26,51
minskaja,2020-01-15,51
mogilevskaja,2018-06-25,51
mogilevskaja,2018-08-23,51
mogilevskaja,2018-10-04,51
mogilevskaja,2019-01-11,51
mogilevskaja,2019-02-04,51
mogilevskaja,2019-07-18,51
mogilevskaja,2019-09-27,51
mogilevskaja,2019-10-14,51
mogilevskaja,2020-01-13,51
gomelskaja,2020-04-23,50
minsk,2017-01-09,50
minsk,2017-09-19,50
minsk,2018-05-08,50
minsk,2018-07-07,50
minsk,2018-08-03,50
minsk,2018-08-24,50
minsk,2018-08-28,50
minsk,2019-05-04,50
minsk,2019-09-25,50
minsk,2020-04-10,50
minsk,2020-05-04,50
minskaja,2017-08-10,50
minskaja,2017-08-15,50
minskaja,2017-11-24,50
minskaja,2018-09-14,50
minskaja,2018-11-27,50
minskaja,2018-11-29,50
minskaja,2019-01-22,50
minskaja,2019-04-11,50
minskaja,2019-05-16,50
minskaja,2019-05-22,50
minskaja,2019-06-11,50
minskaja,2019-06-21,50
minskaja,2019-07-02,50
minskaja,2019-08-27,50
minskaja,2019-11-19,50
minskaja,2020-01-03,50
minskaja,2020-02-07,50
minskaja,2020-04-06,50
mogilevskaja,2018-02-08,50
mogilevskaja,2018-02-22,50
mogilevskaja,2018-03-21,50
mogilevskaja,2018-04-12,50
mogilevskaja,2018-06-27,50
mogilevskaja,2018-08-29,50
mogilevskaja,2018-10-09,50
mogilevskaja,2018-11-08,50
mogilevskaja,2018-12-12,50
mogilevskaja,2019-11-04,50
mogilevskaja,2019-11-06,50
mogilevskaja,2020-06-01,50
minsk,2017-08-16,49
minsk,2019-05-03,49
minsk,2019-08-15,49
minsk,2019-10-30,49
minskaja,2017-05-05,49
minskaja,2017-06-12,49
minskaja,2017-11-09,49
minskaja,2017-12-05,49
minskaja,2018-07-17,49
minskaja,2018-08-01,49
minskaja,2018-10-05,49
minskaja,2018-10-23,49
minskaja,2019-03-05,49
minskaja,2019-06-19,49
minskaja,2019-07-18,49
minskaja,2019-07-30,49
minskaja,2019-10-25,49
minskaja,2019-12-11,49
minskaja,2020-02-05,49
minskaja,2020-02-26,49
minskaja,2020-03-30,49
minskaja,2020-04-21,49
mogilevskaja,2018-01-20,49
mogilevskaja,2018-04-19,49
mogilevskaja,2018-11-22,49
mogilevskaja,2019-04-17,49
mogilevskaja,2019-07-10,49
mogilevskaja,2019-08-02,49
mogilevskaja,2020-01-20,49
mogilevskaja,2020-03-23,49
gomelskaja,2020-06-01,48
minsk,2018-08-01,48
minsk,2018-08-17,48
minsk,2018-12-05,48
minsk,2019-01-16,48
minsk,2019-03-05,48
minsk,2019-07-10,48
minsk,2019-07-25,48
minskaja,2017-06-13,48
minskaja,2017-07-14,48
minskaja,2017-08-29,48
minskaja,2017-09-06,48
minskaja,2017-10-02,48
minskaja,2017-10-26,48
minskaja,2018-01-25,48
minskaja,2018-07-05,48
minskaja,2018-07-23,48
minskaja,2018-07-31,48
minskaja,2018-08-28,48
minskaja,2019-02-14,48
minskaja,2019-02-18,48
minskaja,2019-03-04,48
minskaja,2019-05-03,48
minskaja,2019-05-15,48
minskaja,2019-05-31,48
minskaja,2019-07-01,48
minskaja,2020-02-03,48
minskaja,2020-03-19,48
minskaja,2020-05-06,48
minskaja,2020-05-27,48
mogilevskaja,2018-05-16,48
mogilevskaja,2018-08-14,48
mogilevskaja,2019-03-26,48
mogilevskaja,2019-07-19,48
mogilevskaja,2019-07-25,48
mogilevskaja,2019-08-21,48
mogilevskaja,2019-09-18,48
mogilevskaja,2020-02-18,48
mogilevskaja,2020-03-13,48
gomelskaja,2020-02-17,47
gomelskaja,2020-03-16,47
minsk,2017-11-29,47
minsk,2018-07-13,47
minsk,2018-11-21,47
minsk,2019-01-03,47
minsk,2019-04-18,47
minskaja,2017-10-23,47
minskaja,2017-11-08,47
minskaja,2017-11-28,47
minskaja,2018-01-26,47
minskaja,2019-02-04,47
minskaja,2019-02-05,47
minskaja,2019-02-07,47
minskaja,2019-04-23,47
minskaja,2019-04-24,47
minskaja,2019-05-27,47
minskaja,2019-06-07,47
minskaja,2019-10-15,47
minskaja,2019-10-29,47
minskaja,2019-12-03,47
minskaja,2019-12-16,47
minskaja,2020-02-20,47
minskaja,2020-03-23,47
minskaja,2020-03-24,47
minskaja,2020-03-25,47
minskaja,2020-05-04,47
minskaja,2020-05-12,47
mogilevskaja,2018-04-11,47
mogilevskaja,2018-04-14,47
mogilevskaja,2018-05-18,47
mogilevskaja,2018-06-14,47
mogilevskaja,2018-10-03,47
mogilevskaja,2018-12-07,47
mogilevskaja,2018-12-17,47
mogilevskaja,2019-02-15,47
mogilevskaja,2020-02-07,47
mogilevskaja,2020-05-22,47
gomelskaja,2020-05-14,46
gomelskaja,2020-06-03,46
minsk,2018-07-24,46
minsk,2018-10-03,46
minsk,2019-03-19,46
minsk,2019-03-20,46
minsk,2020-01-09,46
minskaja,2017-08-07,46
minskaja,2017-08-22,46
minskaja,2017-09-05,46
minskaja,2017-11-29,46
minskaja,2017-12-22,46
minskaja,2017-12-26,46
minskaja,2018-08-23,46
minskaja,2018-09-07,46
minskaja,2018-10-22,46
minskaja,2018-11-20,46
minskaja,2018-12-05,46
minskaja,2018-12-10,46
minskaja,2019-03-07,46
minskaja,2019-03-19,46
minskaja,2019-04-03,46
minskaja,2019-04-04,46
minskaja,2019-04-05,46
minskaja,2019-04-10,46
minskaja,2019-04-16,46
minskaja,2019-05-04,46
minskaja,2019-12-18,46
minskaja,2019-12-23,46
minskaja,2020-03-26,46
mogilevskaja,2018-02-21,46
mogilevskaja,2018-04-20,46
mogilevskaja,2018-06-04,46
mogilevskaja,2018-12-20,46
mogilevskaja,2019-04-19,46
mogilevskaja,2019-05-23,46
mogilevskaja,2019-11-20,46
mogilevskaja,2019-11-25,46
mogilevskaja,2020-01-31,46
mogilevskaja,2020-02-05,46
gomelskaja,2020-02-24,45
gomelskaja,2020-05-13,45
minsk,2018-01-08,45
minsk,2018-10-16,45
minsk,2018-12-11,45
minsk,2019-02-22,45
minsk,2019-03-15,45
minsk,2019-09-20,45
minsk,2019-12-11,45
minskaja,2017-07-24,45
minskaja,2017-08-16,45
minskaja,2017-08-21,45
minskaja,2017-09-19,45
minskaja,2017-09-29,45
minskaja,2017-12-07,45
minskaja,2018-08-14,45
minskaja,2018-09-12,45
minskaja,2018-10-24,45
minskaja,2018-11-30,45
minskaja,2018-12-04,45
minskaja,2019-02-21,45
minskaja,2019-03-12,45
minskaja,2019-03-28,45
minskaja,2019-05-13,45
minskaja,2019-05-21,45
minskaja,2019-06-12,45
minskaja,2019-07-10,45
minskaja,2019-09-24,45
minskaja,2019-10-07,45
minskaja,2020-01-08,45
minskaja,2020-01-14,45
minskaja,2020-03-09,45
minskaja,2020-03-18,45
minskaja,2020-04-23,45
mogilevskaja,2018-01-18,45
mogilevskaja,2018-01-31,45
mogilevskaja,2018-05-22,45
mogilevskaja,2018-05-31,45
mogilevskaja,2018-10-10,45
mogilevskaja,2018-10-25,45
mogilevskaja,2018-11-29,45
mogilevskaja,2018-12-22,45
mogilevskaja,2019-01-23,45
mogilevskaja,2019-06-07,45
mogilevskaja,2019-10-18,45
mogilevskaja,2019-11-18,45
mogilevskaja,2019-12-13,45
mogilevskaja,2019-12-27,45
mogilevskaja,2020-02-06,45
mogilevskaja,2020-04-16,45
gomelskaja,2020-01-20,44
gomelskaja,2020-05-21,44
minsk,2017-09-12,44
minsk,2018-08-21,44
minsk,2019-01-15,44
minsk,2019-08-14,44
minsk,2019-11-26,44
minsk,2019-12-10,44
minsk,2020-01-16,44
minskaja,2017-05-06,44
minskaja,2017-11-03,44
minskaja,2018-07-06,44
minskaja,2018-07-30,44
minskaja,2018-08-21,44
minskaja,2018-09-21,44
minskaja,2018-11-28,44
minskaja,2018-12-03,44
minskaja,2019-02-19,44
minskaja,2019-03-26,44
minskaja,2019-04-02,44
minskaja,2019-06-04,44
minskaja,2019-12-05,44
minskaja,2020-01-28,44
minskaja,2020-02-12,44
minskaja,2020-02-14,44
minskaja,2020-02-25,44
minskaja,2020-03-03,44
minskaja,2020-03-16,44
minskaja,2020-04-13,44
minskaja,2020-04-22,44
mogilevskaja,2018-01-26,44
mogilevskaja,2018-01-30,44
mogilevskaja,2018-03-06,44
mogilevskaja,2018-08-24,44
mogilevskaja,2019-01-24,44
mogilevskaja,2019-02-22,44
mogilevskaja,2019-06-06,44
mogilevskaja,2019-10-04,44
mogilevskaja,2019-11-22,44
mogilevskaja,2019-12-11,44
mogilevskaja,2020-01-27,44
mogilevskaja,2020-04-21,44
mogilevskaja,2020-06-03,44
vitebskaja,2019-10-23,44
gomelskaja,2020-04-22,43
gomelskaja,2020-04-29,43
gomelskaja,2020-05-05,43
grodnenskaja,2019-05-20,43
minsk,2017-01-10,43
minsk,2019-02-06,43
minsk,2019-08-28,43
minsk,2020-02-26,43
minskaja,2017-05-04,43
minskaja,2017-05-18,43
minskaja,2017-05-19,43
minskaja,2017-08-31,43
minskaja,2017-09-11,43
minskaja,2017-10-24,43
minskaja,2018-01-23,43
minskaja,2018-10-02,43
minskaja,2018-10-16,43
minskaja,2018-10-26,43
minskaja,2018-12-22,43
minskaja,2019-02-06,43
minskaja,2019-02-08,43
minskaja,2019-03-14,43
minskaja,2019-04-22,43
minskaja,2019-09-17,43
minskaja,2019-10-24,43
minskaja,2019-10-28,43
minskaja,2019-11-27,43
minskaja,2019-11-28,43
minskaja,2019-12-09,43
minskaja,2020-02-18,43
minskaja,2020-04-15,43
minskaja,2020-05-13,43
minskaja,2020-05-19,43
minskaja,2020-05-29,43
mogilevskaja,2018-01-05,43
mogilevskaja,2018-01-22,43
mogilevskaja,2018-03-14,43
mogilevskaja,2018-05-28,43
mogilevskaja,2018-06-20,43
mogilevskaja,2018-07-13,43
mogilevskaja,2018-07-27,43
mogilevskaja,2018-08-10,43
mogilevskaja,2018-09-07,43
mogilevskaja,2018-11-30,43
mogilevskaja,2019-02-28,43
mogilevskaja,2019-05-02,43
mogilevskaja,2019-06-28,43
mogilevskaja,2019-08-12,43
mogilevskaja,2019-08-23,43
mogilevskaja,2019-09-03,43
mogilevskaja,2019-10-30,43
mogilevskaja,2020-03-27,43
mogilevskaja,2020-04-03,43
gomelskaja,2019-12-23,42
gomelskaja,2019-12-26,42
minsk,2018-10-24,42
minskaja,2017-06-05,42
minskaja,2017-07-06,42
minskaja,2017-07-19,42
minskaja,2017-10-04,42
minskaja,2017-11-01,42
minskaja,2017-11-14,42
minskaja,2018-07-12,42
minskaja,2018-07-16,42
minskaja,2018-07-25,42
minskaja,2018-10-03,42
minskaja,2018-11-13,42
minskaja,2018-12-13,42
minskaja,2019-01-16,42
minskaja,2019-01-31,42
minskaja,2019-02-25,42
minskaja,2019-02-27,42
minskaja,2019-05-10,42
minskaja,2019-05-11,42
minskaja,2019-05-29,42
minskaja,2019-05-30,42
minskaja,2019-06-18,42
minskaja,2019-10-02,42
minskaja,2019-10-04,42
minskaja,2019-10-08,42
minskaja,2019-11-13,42
minskaja,2019-11-18,42
minskaja,2019-11-20,42
minskaja,2019-11-21,42
minskaja,2020-02-17,42
minskaja,2020-03-20,42
minskaja,2020-05-08,42
minskaja,2020-05-18,42
mogilevskaja,2018-02-16,42
mogilevskaja,2018-03-30,42
mogilevskaja,2018-04-04,42
mogilevskaja,2018-08-06,42
mogilevskaja,2018-09-06,42
mogilevskaja,2018-09-28,42
mogilevskaja,2018-10-23,42
mogilevskaja,2018-12-04,42
mogilevskaja,2019-04-25,42
mogilevskaja,2019-05-24,42
mogilevskaja,2019-07-04,42
mogilevskaja,2019-07-24,42
mogilevskaja,2019-11-16,42
mogilevskaja,2019-12-19,42
mogilevskaja,2020-03-18,42
mogilevskaja,2020-05-05,42
mogilevskaja,2020-05-13,42
vitebskaja,2019-12-10,42
gomelskaja,2020-02-27,41
gomelskaja,2020-03-02,41
minsk,2018-07-18,41
minsk,2018-10-23,41
minsk,2019-05-15,41
minskaja,2017-05-29,41
minskaja,2017-06-23,41
minskaja,2017-08-18,41
minskaja,2017-09-12,41
minskaja,2017-10-27,41
minskaja,2018-07-18,41
minskaja,2018-08-10,41
minskaja,2018-08-29,41
minskaja,2018-09-10,41
minskaja,2018-09-11,41
minskaja,2018-11-23,41
minskaja,2018-12-07,41
minskaja,2018-12-17,41
minskaja,2018-12-20,41
minskaja,2019-01-08,41
minskaja,2019-01-09,41
minskaja,2019-01-25,41
minskaja,2019-02-12,41
minskaja,2019-03-25,41
minskaja,2019-05-23,41
minskaja,2019-06-28,41
minskaja,2019-07-09,41
minskaja,2019-08-12,41
minskaja,2019-09-04,41
minskaja,2019-09-09,41
minskaja,2019-10-01,41
minskaja,2019-10-03,41
minskaja,2019-10-09,41
minskaja,2019-10-21,41
minskaja,2019-10-31,41
minskaja,2019-11-05,41
minskaja,2020-03-05,41
minskaja,2020-05-07,41
minskaja,2020-06-02,41
mogilevskaja,2018-02-02,41
mogilevskaja,2018-02-19,41
mogilevskaja,2018-05-08,41
mogilevskaja,2018-05-30,41
mogilevskaja,2018-10-05,41
mogilevskaja,2018-11-06,41
mogilevskaja,2019-06-24,41
mogilevskaja,2019-09-12,41
mogilevskaja,2019-10-16,41
mogilevskaja,2019-10-24,41
mogilevskaja,2020-01-29,41
mogilevskaja,2020-02-20,41
vitebskaja,2019-12-02,41
vitebskaja,2020-01-13,41
gomelskaja,2020-03-10,40
gomelskaja,2020-05-06,40
minsk,2018-10-05,40
minskaja,2017-10-30,40
minskaja,2017-11-23,40
minskaja,2017-12-15,40
minskaja,2018-07-04,40
minskaja,2018-08-09,40
minskaja,2018-09-18,40
minskaja,2018-12-18,40
minskaja,2018-12-19,40
minskaja,2019-02-20,40
minskaja,2019-02-22,40
minskaja,2019-04-01,40
minskaja,2019-04-15,40
minskaja,2019-04-18,40
minskaja,2019-05-17,40
minskaja,2019-05-24,40
minskaja,2019-06-25,40
minskaja,2019-07-04,40
minskaja,2019-09-02,40
minskaja,2019-09-16,40
minskaja,2019-10-10,40
minskaja,2019-11-04,40
minskaja,2019-11-11,40
minskaja,2019-11-15,40
minskaja,2019-12-19,40
minskaja,2020-02-19,40
minskaja,2020-03-12,40
minskaja,2020-04-29,40
minskaja,2020-04-30,40
minskaja,2020-05-26,40
mogilevskaja,2018-03-03,40
mogilevskaja,2018-08-01,40
mogilevskaja,2018-08-16,40
mogilevskaja,2018-09-05,40
mogilevskaja,2019-05-31,40
mogilevskaja,2019-06-05,40
mogilevskaja,2019-07-30,40
mogilevskaja,2020-01-21,40
mogilevskaja,2020-02-24,40
gomelskaja,2020-04-30,39
minsk,2018-10-02,39
minsk,2018-10-09,39
minsk,2019-04-25,39
minsk,2019-06-12,39
minsk,2019-07-04,39
minsk,2020-02-04,39
minskaja,2017-06-20,39
minskaja,2017-07-21,39
minskaja,2017-09-07,39
minskaja,2017-09-20,39
minskaja,2017-09-22,39
minskaja,2017-10-11,39
minskaja,2017-10-25,39
minskaja,2017-11-16,39
minskaja,2018-07-24,39
minskaja,2018-08-07,39
minskaja,2018-09-04,39
minskaja,2018-09-20,39
minskaja,2018-10-25,39
minskaja,2018-11-12,39
minskaja,2019-03-13,39
minskaja,2019-04-12,39
minskaja,2019-04-17,39
minskaja,2019-04-25,39
minskaja,2019-06-13,39
minskaja,2019-09-23,39
minskaja,2019-12-06,39
minskaja,2020-02-21,39
minskaja,2020-04-07,39
minskaja,2020-04-20,39
mogilevskaja,2018-02-09,39
mogilevskaja,2018-03-01,39
mogilevskaja,2018-06-28,39
mogilevskaja,2018-07-07,39
mogilevskaja,2018-07-12,39
mogilevskaja,2019-03-13,39
mogilevskaja,2019-03-21,39
mogilevskaja,2019-09-20,39
mogilevskaja,2020-02-19,39
gomelskaja,2020-05-27,38
gomelskaja,2020-06-04,38
minsk,2017-01-24,38
minsk,2019-01-08,38
minskaja,2017-06-06,38
minskaja,2017-07-28,38
minskaja,2017-08-14,38
minskaja,2017-08-28,38
minskaja,2017-09-15,38
minskaja,2017-11-27,38
minskaja,2018-01-22,38
minskaja,2018-07-26,38
minskaja,2018-08-13,38
minskaja,2018-08-22,38
minskaja,2018-09-25,38
minskaja,2018-10-30,38
minskaja,2018-10-31,38
minskaja,2019-01-15,38
minskaja,2019-01-21,38
minskaja,2019-03-27,38
minskaja,2019-04-19,38
minskaja,2019-04-26,38
minskaja,2019-06-03,38
minskaja,2019-07-16,38
minskaja,2019-08-13,38
minskaja,2019-08-15,38
minskaja,2019-09-06,38
minskaja,2019-10-14,38
minskaja,2019-10-30,38
minskaja,2019-11-06,38
minskaja,2019-11-16,38
minskaja,2020-01-04,38
minskaja,2020-01-27,38
minskaja,2020-03-13,38
minskaja,2020-05-11,38
mogilevskaja,2018-01-24,38
mogilevskaja,2018-02-06,38
mogilevskaja,2018-03-07,38
mogilevskaja,2018-08-21,38
mogilevskaja,2018-09-19,38
mogilevskaja,2018-10-30,38
mogilevskaja,2018-12-14,38
mogilevskaja,2019-03-18,38
mogilevskaja,2019-05-15,38
mogilevskaja,2019-05-16,38
mogilevskaja,2019-06-13,38
mogilevskaja,2019-07-05,38
mogilevskaja,2019-07-26,38
mogilevskaja,2019-08-13,38
mogilevskaja,2019-08-14,38
mogilevskaja,2019-09-26,38
mogilevskaja,2019-12-18,38
mogilevskaja,2020-02-04,38
mogilevskaja,2020-06-04,38
vitebskaja,2020-03-13,38
gomelskaja,2020-04-20,37
minsk,2018-01-23,37
minsk,2019-01-04,37
minsk,2019-03-06,37
minsk,2019-10-09,37
minsk,2020-02-05,37
minsk,2020-03-10,37
minsk,2020-06-12,37
minskaja,2017-05-24,37
minskaja,2017-06-02,37
minskaja,2017-06-08,37
minskaja,2017-08-30,37
minskaja,2017-09-04,37
minskaja,2018-08-27,37
minskaja,2019-01-30,37
minskaja,2019-03-01,37
minskaja,2019-03-06,37
minskaja,2019-07-05,37
minskaja,2019-07-23,37
minskaja,2019-08-01,37
minskaja,2019-09-10,37
minskaja,2019-10-16,37
minskaja,2019-10-18,37
minskaja,2019-11-12,37
minskaja,2020-02-10,37
minskaja,2020-04-03,37
minskaja,2020-04-04,37
minskaja,2020-05-22,37
minskaja,2020-05-28,37
mogilevskaja,2018-02-20,37
mogilevskaja,2018-03-02,37
mogilevskaja,2018-03-22,37
mogilevskaja,2018-08-09,37
mogilevskaja,2018-08-31,37
mogilevskaja,2018-10-12,37
mogilevskaja,2018-11-28,37
mogilevskaja,2019-02-13,37
mogilevskaja,2019-08-19,37
mogilevskaja,2019-08-28,37
mogilevskaja,2019-08-29,37
mogilevskaja,2019-11-15,37
brestskaja,2020-05-18,36
gomelskaja,2019-12-19,36
gomelskaja,2020-01-21,36
gomelskaja,2020-04-21,36
minsk,2019-05-28,36
minsk,2019-10-01,36
minskaja,2017-06-16,36
minskaja,2017-06-26,36
minskaja,2017-08-24,36
minskaja,2017-09-01,36
minskaja,2017-11-17,36
minskaja,2018-08-02,36
minskaja,2018-09-28,36
minskaja,2018-10-12,36
minskaja,2018-11-15,36
minskaja,2019-02-15,36
minskaja,2019-08-14,36
minskaja,2019-08-28,36
minskaja,2019-09-03,36
minskaja,2019-10-17,36
minskaja,2019-10-22,36
minskaja,2020-01-10,36
minskaja,2020-01-16,36
minskaja,2020-01-23,36
minskaja,2020-01-24,36
minskaja,2020-04-08,36
minskaja,2020-04-09,36
minskaja,2020-05-14,36
minskaja,2020-05-20,36
minskaja,2020-06-04,36
minskaja,2020-06-05,36
mogilevskaja,2018-01-10,36
mogilevskaja,2018-02-28,36
mogilevskaja,2018-03-15,36
mogilevskaja,2018-06-13,36
mogilevskaja,2018-08-15,36
mogilevskaja,2018-08-17,36
mogilevskaja,2018-08-22,36
mogilevskaja,2018-09-18,36
mogilevskaja,2018-11-14,36
mogilevskaja,2019-02-05,36
mogilevskaja,2019-04-05,36
mogilevskaja,2019-05-30,36
mogilevskaja,2019-08-08,36
mogilevskaja,2020-03-26,36
mogilevskaja,2020-05-21,36
gomelskaja,2020-01-22,35
gomelskaja,2020-03-09,35
gomelskaja,2020-04-16,35
gomelskaja,2020-05-29,35
minsk,2018-01-10,35
minsk,2018-09-11,35
minsk,2018-09-18,35
minsk,2018-12-04,35
minsk,2019-02-05,35
minsk,2019-10-08,35
minskaja,2017-05-22,35
minskaja,2017-06-09,35
minskaja,2017-06-15,35
minskaja,2017-07-04,35
minskaja,2017-08-25,35
minskaja,2017-09-18,35
minskaja,2017-10-13,35
minskaja,2017-11-22,35
minskaja,2017-11-30,35
minskaja,2018-08-17,35
minskaja,2018-09-27,35
minskaja,2018-10-19,35
minskaja,2019-03-22,35
minskaja,2019-04-29,35
minskaja,2019-06-20,35
minskaja,2019-07-17,35
minskaja,2019-08-26,35
minskaja,2020-01-17,35
minskaja,2020-01-31,35
minskaja,2020-04-14,35
minskaja,2020-05-05,35
mogilevskaja,2017-12-26,35
mogilevskaja,2018-01-19,35
mogilevskaja,2018-07-19,35
mogilevskaja,2018-07-24,35
mogilevskaja,2018-09-25,35
mogilevskaja,2019-12-24,35
mogilevskaja,2019-12-31,35
mogilevskaja,2020-02-26,35
gomelskaja,2020-03-05,34
gomelskaja,2020-05-25,34
grodnenskaja,2020-04-29,34
grodnenskaja,2020-06-01,34
minsk,2019-08-20,34
minsk,2019-10-29,34
minsk,2020-01-14,34
minsk,2020-06-16,34
minsk,2020-06-19,34
minskaja,2017-05-15,34
minskaja,2017-06-07,34
minskaja,2017-07-07,34
minskaja,2017-07-26,34
minskaja,2017-10-09,34
minskaja,2018-07-27,34
minskaja,2018-08-20,34
minskaja,2018-09-03,34
minskaja,2018-09-24,34
minskaja,2018-09-26,34
minskaja,2018-11-05,34
minskaja,2019-01-11,34
minskaja,2019-03-20,34
minskaja,2019-07-24,34
minskaja,2019-09-30,34
minskaja,2019-12-10,34
minskaja,2019-12-31,34
minskaja,2020-02-24,34
minskaja,2020-03-10,34
minskaja,2020-04-24,34
mogilevskaja,2018-07-25,34
mogilevskaja,2018-08-08,34
mogilevskaja,2018-10-11,34
mogilevskaja,2019-02-12,34
mogilevskaja,2019-03-28,34
mogilevskaja,2019-05-29,34
mogilevskaja,2019-07-22,34
mogilevskaja,2019-07-31,34
mogilevskaja,2019-09-04,34
mogilevskaja,2019-10-23,34
mogilevskaja,2019-12-20,34
mogilevskaja,2020-02-27,34
mogilevskaja,2020-04-10,34
gomelskaja,2019-12-09,33
gomelskaja,2020-04-09,33
grodnenskaja,2019-12-30,33
minsk,2020-03-17,33
minsk,2020-03-31,33
minskaja,2017-05-02,33
minskaja,2017-10-16,33
minskaja,2017-10-18,33
minskaja,2017-11-10,33
minskaja,2017-12-11,33
minskaja,2018-08-15,33
minskaja,2018-10-04,33
minskaja,2018-11-21,33
minskaja,2019-01-24,33
minskaja,2019-06-06,33
minskaja,2019-07-12,33
minskaja,2019-07-15,33
minskaja,2019-07-19,33
minskaja,2019-07-25,33
minskaja,2019-09-20,33
minskaja,2019-10-23,33
minskaja,2019-11-01,33
minskaja,2020-04-10,33
minskaja,2020-05-15,33
mogilevskaja,2018-05-03,33
mogilevskaja,2018-07-26,33
mogilevskaja,2019-01-10,33
mogilevskaja,2019-03-14,33
mogilevskaja,2019-04-10,33
mogilevskaja,2019-04-11,33
mogilevskaja,2019-12-12,33
mogilevskaja,2020-04-06,33
mogilevskaja,2020-04-09,33
mogilevskaja,2020-04-22,33
vitebskaja,2020-05-18,33
gomelskaja,2019-12-04,32
gomelskaja,2020-01-30,32
gomelskaja,2020-02-12,32
gomelskaja,2020-04-13,32
grodnenskaja,2019-09-20,32
minsk,2018-02-20,32
minsk,2018-07-10,32
minsk,2019-01-10,32
minsk,2019-07-05,32
minsk,2019-07-30,32
minsk,2020-06-18,32
minskaja,2017-05-26,32
minskaja,2017-06-27,32
minskaja,2017-06-30,32
minskaja,2017-07-13,32
minskaja,2017-07-17,32
minskaja,2017-08-04,32
minskaja,2017-08-17,32
minskaja,2017-08-23,32
minskaja,2019-01-10,32
minskaja,2019-01-28,32
minskaja,2019-04-30,32
minskaja,2019-06-27,32
minskaja,2019-08-29,32
minskaja,2019-09-05,32
minskaja,2019-09-26,32
minskaja,2020-05-21,32
minskaja,2020-06-03,32
mogilevskaja,2018-05-04,32
mogilevskaja,2018-05-15,32
mogilevskaja,2018-06-15,32
mogilevskaja,2019-06-27,32
mogilevskaja,2019-08-30,32
mogilevskaja,2019-09-17,32
mogilevskaja,2020-05-19,32
vitebskaja,2020-02-21,32
gomelskaja,2019-12-05,31
gomelskaja,2020-01-03,31
grodnenskaja,2020-03-30,31
grodnenskaja,2020-04-20,31
minsk,2019-05-14,31
minsk,2019-09-10,31
minsk,2019-12-18,31
minskaja,2017-06-14,31
minskaja,2017-08-11,31
minskaja,2017-12-01,31
minskaja,2018-07-19,31
minskaja,2018-10-11,31
minskaja,2018-11-22,31
minskaja,2019-06-10,31
minskaja,2019-07-31,31
minskaja,2019-08-20,31
minskaja,2019-09-25,31
minskaja,2019-11-14,31
minskaja,2020-03-06,31
mogilevskaja,2018-01-25,31
mogilevskaja,2018-04-06,31
mogilevskaja,2019-01-29,31
mogilevskaja,2020-01-10,31
mogilevskaja,2020-01-16,31
vitebskaja,2019-12-16,31
brestskaja,2020-03-02,30
brestskaja,2020-04-29,30
gomelskaja,2020-01-17,30
gomelskaja,2020-05-22,30
grodnenskaja,2019-07-08,30
grodnenskaja,2020-03-09,30
grodnenskaja,2020-03-16,30
minskaja,2017-09-14,30
minskaja,2017-10-12,30
minskaja,2017-10-19,30
minskaja,2018-08-16,30
minskaja,2018-11-02,30
minskaja,2018-11-08,30
minskaja,2019-06-26,30
minskaja,2019-08-30,30
minskaja,2019-12-02,30
minskaja,2019-12-20,30
minskaja,2020-01-21,30
minskaja,2020-01-22,30
minskaja,2020-04-02,30
minskaja,2020-06-01,30
mogilevskaja,2018-01-11,30
mogilevskaja,2018-03-23,30
mogilevskaja,2018-06-21,30
mogilevskaja,2018-07-11,30
mogilevskaja,2018-10-17,30
mogilevskaja,2019-04-04,30
mogilevskaja,2019-05-28,30
mogilevskaja,2019-06-25,30
mogilevskaja,2019-08-09,30
mogilevskaja,2019-10-17,30
mogilevskaja,2020-05-15,30
brestskaja,2020-05-25,29
gomelskaja,2019-12-11,29
gomelskaja,2020-01-23,29
gomelskaja,2020-04-10,29
gomelskaja,2020-05-20,29
gomelskaja,2020-05-28,29
grodnenskaja,2019-12-02,29
minsk,2019-08-27,29
minsk,2019-11-19,29
minsk,2020-02-11,29
minskaja,2017-08-09,29
minskaja,2018-09-17,29
minskaja,2018-11-01,29
minskaja,2018-12-28,29
minskaja,2019-06-24,29
minskaja,2019-07-29,29
minskaja,2019-08-06,29
minskaja,2019-09-11,29
minskaja,2019-12-04,29
minskaja,2019-12-26,29
minskaja,2020-05-25,29
mogilevskaja,2018-01-08,29
mogilevskaja,2018-09-21,29
mogilevskaja,2018-10-02,29
mogilevskaja,2019-03-19,29
mogilevskaja,2019-07-09,29
mogilevskaja,2019-07-11,29
mogilevskaja,2019-08-01,29
mogilevskaja,2020-04-17,29
mogilevskaja,2020-04-23,29
vitebskaja,2019-10-28,29
brestskaja,2019-11-11,28
brestskaja,2019-12-11,28
minsk,2019-06-18,28
minsk,2019-06-25,28
minskaja,2017-05-25,28
minskaja,2017-06-19,28
minskaja,2017-06-29,28
minskaja,2017-09-13,28
minskaja,2018-09-13,28
minskaja,2018-10-01,28
minskaja,2019-08-08,28
minskaja,2019-08-16,28
mogilevskaja,2018-06-22,28
mogilevskaja,2018-09-12,28
mogilevskaja,2018-09-14,28
mogilevskaja,2018-11-02,28
mogilevskaja,2018-11-09,28
mogilevskaja,2019-01-15,28
mogilevskaja,2019-01-22,28
mogilevskaja,2019-03-05,28
mogilevskaja,2019-04-26,28
mogilevskaja,2019-05-21,28
mogilevskaja,2019-08-27,28
mogilevskaja,2019-09-24,28
mogilevskaja,2020-01-17,28
mogilevskaja,2020-06-05,28
vitebskaja,2019-08-29,28
vitebskaja,2019-09-30,28
vitebskaja,2019-12-09,28
vitebskaja,2019-12-26,28
vitebskaja,2020-05-27,28
brestskaja,2019-12-02,27
brestskaja,2020-05-21,27
gomelskaja,2020-01-10,27
gomelskaja,2020-02-19,27
gomelskaja,2020-03-30,27
gomelskaja,2020-04-08,27
minsk,2019-04-24,27
minsk,2019-06-11,27
minsk,2019-08-06,27
minsk,2020-01-10,27
minsk,2020-02-19,27
minskaja,2017-09-28,27
minskaja,2017-11-13,27
minskaja,2018-08-03,27
minskaja,2019-07-11,27
minskaja,2020-03-04,27
minskaja,2020-04-17,27
mogilevskaja,2017-12-08,27
mogilevskaja,2018-06-07,27
mogilevskaja,2018-07-05,27
mogilevskaja,2019-03-06,27
mogilevskaja,2019-06-14,27
mogilevskaja,2019-07-16,27
mogilevskaja,2019-08-16,27
mogilevskaja,2019-09-13,27
mogilevskaja,2019-10-02,27
mogilevskaja,2019-10-25,27
mogilevskaja,2019-10-29,27
mogilevskaja,2019-10-31,27
mogilevskaja,2019-11-28,27
mogilevskaja,2020-02-14,27
mogilevskaja,2020-04-30,27
vitebskaja,2019-07-04,27
vitebskaja,2020-03-16,27
vitebskaja,2020-03-18,27
brestskaja,2019-10-14,26
brestskaja,2019-11-22,26
brestskaja,2019-11-29,26
brestskaja,2019-12-16,26
brestskaja,2020-03-30,26
brestskaja,2020-04-02,26
gomelskaja,2019-12-06,26
gomelskaja,2019-12-18,26
gomelskaja,2020-02-06,26
gomelskaja,2020-02-07,26
grodnenskaja,2019-06-03,26
grodnenskaja,2019-11-25,26
grodnenskaja,2020-01-29,26
grodnenskaja,2020-05-11,26
minsk,2018-12-18,26
minsk,2020-06-15,26
minskaja,2017-07-10,26
minskaja,2018-08-06,26
minskaja,2018-08-24,26
minskaja,2019-08-05,26
minskaja,2019-08-09,26
minskaja,2019-09-18,26
minskaja,2020-02-06,26
mogilevskaja,2017-12-11,26
mogilevskaja,2018-12-27,26
mogilevskaja,2019-02-26,26
mogilevskaja,2019-03-12,26
mogilevskaja,2019-08-22,26
mogilevskaja,2019-09-10,26
mogilevskaja,2019-10-11,26
mogilevskaja,2019-11-21,26
brestskaja,2019-11-04,25
brestskaja,2020-06-01,25
grodnenskaja,2019-11-11,25
grodnenskaja,2020-04-04,25
grodnenskaja,2020-04-13,25
minsk,2020-06-17,25
minsk,2020-06-22,25
minskaja,2017-06-28,25
minskaja,2017-07-27,25
minskaja,2017-10-05,25
minskaja,2018-07-13,25
minskaja,2018-11-14,25
minskaja,2019-07-26,25
minskaja,2020-01-20,25
minskaja,2020-02-13,25
minskaja,2020-04-16,25
mogilevskaja,2017-12-29,25
mogilevskaja,2018-09-27,25
mogilevskaja,2019-01-17,25
mogilevskaja,2019-03-07,25
mogilevskaja,2019-04-12,25
mogilevskaja,2019-08-06,25
mogilevskaja,2019-10-09,25
mogilevskaja,2019-11-26,25
vitebskaja,2019-10-24,25
vitebskaja,2019-11-11,25
vitebskaja,2020-04-22,25
brestskaja,2019-10-23,24
brestskaja,2019-12-09,24
brestskaja,2020-01-20,24
brestskaja,2020-03-06,24
gomelskaja,2019-12-31,24
gomelskaja,2020-01-13,24
gomelskaja,2020-02-20,24
gomelskaja,2020-03-06,24
gomelskaja,2020-04-02,24
gomelskaja,2020-06-02,24
grodnenskaja,2019-09-30,24
grodnenskaja,2020-04-22,24
minsk,2019-03-07,24
minsk,2020-06-23,24
minskaja,2017-05-31,24
minskaja,2018-08-30,24
minskaja,2018-10-18,24
minskaja,2018-11-19,24
minskaja,2019-03-21,24
minskaja,2019-08-21,24
minskaja,2019-08-22,24
minskaja,2019-08-23,24
minskaja,2019-09-12,24
minskaja,2020-01-29,24
mogilevskaja,2017-12-22,24
mogilevskaja,2018-02-27,24
mogilevskaja,2018-04-03,24
mogilevskaja,2018-04-24,24
mogilevskaja,2018-04-25,24
mogilevskaja,2018-07-06,24
mogilevskaja,2018-07-10,24
mogilevskaja,2019-04-23,24
mogilevskaja,2019-04-24,24
mogilevskaja,2019-05-04,24
mogilevskaja,2019-05-13,24
mogilevskaja,2019-11-05,24
mogilevskaja,2019-11-13,24
mogilevskaja,2019-12-05,24
mogilevskaja,2020-01-15,24
mogilevskaja,2020-03-03,24
mogilevskaja,2020-04-07,24
vitebskaja,2019-07-01,24
vitebskaja,2019-07-12,24
vitebskaja,2019-10-11,24
vitebskaja,2019-10-21,24
vitebskaja,2019-12-23,24
vitebskaja,2020-03-26,24
vitebskaja,2020-04-20,24
vitebskaja,2020-04-29,24
vitebskaja,2020-05-22,24
vitebskaja,2020-06-08,24
vitebskaja,2020-06-15,24
brestskaja,2019-10-21,23
brestskaja,2019-10-31,23
brestskaja,2019-11-28,23
brestskaja,2019-12-03,23
brestskaja,2020-01-27,23
brestskaja,2020-05-27,23
brestskaja,2020-05-28,23
gomelskaja,2019-12-20,23
gomelskaja,2020-02-05,23
gomelskaja,2020-03-11,23
gomelskaja,2020-03-23,23
grodnenskaja,2019-07-12,23
grodnenskaja,2019-09-23,23
grodnenskaja,2019-10-28,23
grodnenskaja,2020-02-17,23
grodnenskaja,2020-03-13,23
grodnenskaja,2020-06-08,23
minsk,2019-09-03,23
minsk,2020-04-01,23
minskaja,2017-06-21,23
minskaja,2017-09-21,23
minskaja,2018-07-20,23
minskaja,2018-08-31,23
minskaja,2019-01-14,23
minskaja,2019-01-17,23
minskaja,2019-08-02,23
mogilevskaja,2018-03-20,23
mogilevskaja,2018-07-09,23
mogilevskaja,2018-08-28,23
mogilevskaja,2019-08-20,23
mogilevskaja,2019-10-15,23
mogilevskaja,2019-11-01,23
vitebskaja,2019-12-17,23
vitebskaja,2020-01-29,23
vitebskaja,2020-02-10,23
vitebskaja,2020-03-20,23
vitebskaja,2020-06-03,23
brestskaja,2020-01-23,22
brestskaja,2020-02-07,22
brestskaja,2020-03-12,22
brestskaja,2020-03-23,22
brestskaja,2020-04-01,22
gomelskaja,2019-12-13,22
gomelskaja,2019-12-16,22
gomelskaja,2019-12-27,22
gomelskaja,2020-05-19,22
grodnenskaja,2019-12-16,22
grodnenskaja,2020-03-12,22
grodnenskaja,2020-03-23,22
grodnenskaja,2020-05-28,22
minsk,2020-01-04,22
minskaja,2017-06-01,22
minskaja,2018-10-10,22
minskaja,2019-01-18,22
minskaja,2019-06-17,22
minskaja,2019-09-19,22
mogilevskaja,2018-01-12,22
mogilevskaja,2018-06-19,22
mogilevskaja,2018-09-04,22
mogilevskaja,2018-10-24,22
mogilevskaja,2019-04-18,22
mogilevskaja,2019-05-11,22
mogilevskaja,2019-07-17,22
mogilevskaja,2019-08-15,22
mogilevskaja,2019-12-10,22
mogilevskaja,2020-01-23,22
mogilevskaja,2020-03-17,22
mogilevskaja,2020-03-25,22
mogilevskaja,2020-04-04,22
mogilevskaja,2020-05-26,22
vitebskaja,2019-07-08,22
vitebskaja,2019-08-12,22
vitebskaja,2019-11-25,22
vitebskaja,2019-12-20,22
vitebskaja,2019-12-30,22
vitebskaja,2020-01-03,22
brestskaja,2019-10-07,21
brestskaja,2019-12-26,21
brestskaja,2020-02-13,21
brestskaja,2020-05-11,21
gomelskaja,2020-01-16,21
gomelskaja,2020-01-24,21
gomelskaja,2020-04-14,21
gomelskaja,2020-04-15,21
grodnenskaja,2019-09-02,21
grodnenskaja,2019-09-13,21
grodnenskaja,2019-12-26,21
grodnenskaja,2020-01-20,21
grodnenskaja,2020-02-24,21
grodnenskaja,2020-05-18,21
grodnenskaja,2020-05-25,21
minsk,2019-07-09,21
minsk,2020-04-14,21
minskaja,2017-06-22,21
minskaja,2017-07-20,21
minskaja,2017-08-02,21
minskaja,2018-10-08,21
minskaja,2018-10-17,21
mogilevskaja,2017-12-27,21
mogilevskaja,2018-01-17,21
mogilevskaja,2018-02-13,21
mogilevskaja,2018-03-13,21
vitebskaja,2019-06-24,21
vitebskaja,2020-04-13,21
vitebskaja,2020-04-17,21
vitebskaja,2020-06-01,21
brestskaja,2019-10-08,20
brestskaja,2019-10-24,20
brestskaja,2019-11-06,20
brestskaja,2020-01-31,20
brestskaja,2020-02-14,20
brestskaja,2020-05-15,20
gomelskaja,2018-01-24,20
gomelskaja,2020-01-15,20
gomelskaja,2020-01-29,20
gomelskaja,2020-02-13,20
gomelskaja,2020-02-21,20
gomelskaja,2020-02-28,20
grodnenskaja,2019-07-01,20
grodnenskaja,2019-08-26,20
grodnenskaja,2019-09-09,20
grodnenskaja,2019-12-09,20
grodnenskaja,2020-02-13,20
grodnenskaja,2020-03-02,20
minsk,2019-10-15,20
minskaja,2017-12-21,20
minskaja,2019-01-23,20
mogilevskaja,2018-03-28,20
mogilevskaja,2018-12-11,20
mogilevskaja,2019-07-12,20
mogilevskaja,2019-10-01,20
mogilevskaja,2019-12-03,20
mogilevskaja,2020-02-11,20
mogilevskaja,2020-03-31,20
vitebskaja,2019-09-05,20
vitebskaja,2019-09-09,20
vitebskaja,2019-09-23,20
vitebskaja,2019-11-04,20
vitebskaja,2020-01-14,20
vitebskaja,2020-04-03,20
vitebskaja,2020-04-04,20
vitebskaja,2020-04-07,20
brestskaja,2019-12-23,19
brestskaja,2020-03-04,19
brestskaja,2020-05-04,19
brestskaja,2020-05-07,19
brestskaja,2020-06-05,19
gomelskaja,2019-11-29,19
gomelskaja,2020-02-14,19
gomelskaja,2020-03-12,19
gomelskaja,2020-04-07,19
grodnenskaja,2019-06-10,19
grodnenskaja,2019-06-17,19
grodnenskaja,2019-07-22,19
grodnenskaja,2019-10-04,19
grodnenskaja,2020-01-17,19
grodnenskaja,2020-02-10,19
grodnenskaja,2020-03-20,19
grodnenskaja,2020-06-05,19
minsk,2018-01-09,19
minsk,2019-07-23,19
minskaja,2017-09-08,19
minskaja,2018-12-06,19
minskaja,2019-08-19,19
minskaja,2019-11-29,19
minskaja,2020-02-27,19
mogilevskaja,2017-12-28,19
mogilevskaja,2018-10-16,19
mogilevskaja,2019-01-03,19
mogilevskaja,2019-02-19,19
mogilevskaja,2019-03-20,19
mogilevskaja,2020-02-12,19
vitebskaja,2019-08-23,19
vitebskaja,2019-09-20,19
vitebskaja,2019-10-14,19
vitebskaja,2019-11-15,19
vitebskaja,2019-11-26,19
vitebskaja,2020-01-16,19
vitebskaja,2020-02-03,19
vitebskaja,2020-02-25,19
vitebskaja,2020-02-26,19
vitebskaja,2020-03-02,19
vitebskaja,2020-03-30,19
vitebskaja,2020-05-07,19
vitebskaja,2020-05-11,19
vitebskaja,2020-05-15,19
brestskaja,2019-11-14,18
brestskaja,2020-01-24,18
brestskaja,2020-02-03,18
brestskaja,2020-03-13,18
brestskaja,2020-03-19,18
brestskaja,2020-03-25,18
brestskaja,2020-03-26,18
brestskaja,2020-05-29,18
gomelskaja,2019-12-02,18
gomelskaja,2019-12-12,18
gomelskaja,2020-05-26,18
grodnenskaja,2019-06-06,18
grodnenskaja,2019-08-12,18
grodnenskaja,2019-12-04,18
grodnenskaja,2019-12-23,18
grodnenskaja,2020-01-27,18
grodnenskaja,2020-02-20,18
grodnenskaja,2020-04-10,18
grodnenskaja,2020-04-15,18
grodnenskaja,2020-04-16,18
minskaja,2017-11-02,18
minskaja,2019-08-07,18
mogilevskaja,2018-05-29,18
mogilevskaja,2018-11-27,18
mogilevskaja,2019-05-03,18
mogilevskaja,2019-06-04,18
mogilevskaja,2019-06-26,18
mogilevskaja,2019-08-07,18
mogilevskaja,2019-09-05,18
mogilevskaja,2019-10-03,18
mogilevskaja,2020-02-25,18
vitebskaja,2019-10-18,18
vitebskaja,2019-11-18,18
vitebskaja,2019-11-19,18
vitebskaja,2020-03-27,18
vitebskaja,2020-05-08,18
vitebskaja,2020-05-26,18
brestskaja,2019-10-10,17
brestskaja,2019-10-18,17
brestskaja,2019-10-28,17
brestskaja,2019-12-06,17
brestskaja,2019-12-10,17
brestskaja,2020-04-04,17
brestskaja,2020-04-17,17
brestskaja,2020-04-20,17
gomelskaja,2020-01-28,17
gomelskaja,2020-01-31,17
gomelskaja,2020-02-18,17
gomelskaja,2020-04-01,17
grodnenskaja,2019-05-22,17
grodnenskaja,2019-05-30,17
grodnenskaja,2019-06-20,17
grodnenskaja,2019-07-25,17
grodnenskaja,2019-08-01,17
grodnenskaja,2019-10-10,17
grodnenskaja,2019-10-21,17
grodnenskaja,2020-04-09,17
grodnenskaja,2020-05-07,17
minsk,2020-04-21,17
minskaja,2018-01-24,17
minskaja,2018-07-07,17
mogilevskaja,2018-01-04,17
mogilevskaja,2019-02-21,17
mogilevskaja,2019-12-17,17
mogilevskaja,2020-04-08,17
mogilevskaja,2020-06-08,17
vitebskaja,2019-06-26,17
vitebskaja,2019-08-19,17
vitebskaja,2019-11-06,17
vitebskaja,2020-01-31,17
vitebskaja,2020-02-17,17
vitebskaja,2020-03-09,17
vitebskaja,2020-03-23,17
vitebskaja,2020-04-24,17
vitebskaja,2020-06-11,17
brestskaja,2019-12-05,16
brestskaja,2019-12-12,16
brestskaja,2019-12-30,16
brestskaja,2020-03-09,16
brestskaja,2020-03-17,16
brestskaja,2020-04-15,16
brestskaja,2020-04-24,16
brestskaja,2020-06-08,16
gomelskaja,2020-04-06,16
grodnenskaja,2019-05-24,16
grodnenskaja,2019-11-22,16
grodnenskaja,2019-11-29,16
grodnenskaja,2020-02-14,16
grodnenskaja,2020-05-20,16
grodnenskaja,2020-05-29,16
mogilevskaja,2018-06-05,16
mogilevskaja,2019-01-09,16
mogilevskaja,2019-11-12,16
mogilevskaja,2020-01-28,16
mogilevskaja,2020-03-10,16
mogilevskaja,2020-03-24,16
vitebskaja,2019-06-06,16
vitebskaja,2019-06-07,16
vitebskaja,2019-07-26,16
vitebskaja,2019-08-05,16
vitebskaja,2019-10-04,16
vitebskaja,2019-10-16,16
vitebskaja,2019-10-31,16
vitebskaja,2019-11-29,16
vitebskaja,2019-12-12,16
vitebskaja,2020-01-15,16
vitebskaja,2020-01-27,16
vitebskaja,2020-03-04,16
vitebskaja,2020-04-02,16
vitebskaja,2020-05-04,16
brestskaja,2019-10-04,15
brestskaja,2019-10-16,15
brestskaja,2019-10-17,15
brestskaja,2019-11-01,15
brestskaja,2020-02-10,15
brestskaja,2020-03-03,15
brestskaja,2020-03-16,15
brestskaja,2020-04-08,15
brestskaja,2020-04-13,15
gomelskaja,2019-12-17,15
gomelskaja,2020-02-04,15
gomelskaja,2020-03-03,15
grodnenskaja,2019-05-27,15
grodnenskaja,2019-06-24,15
grodnenskaja,2019-06-27,15
grodnenskaja,2019-07-26,15
grodnenskaja,2019-08-19,15
grodnenskaja,2019-10-25,15
grodnenskaja,2019-11-04,15
grodnenskaja,2019-11-18,15
grodnenskaja,2019-11-19,15
grodnenskaja,2019-11-21,15
grodnenskaja,2020-02-26,15
grodnenskaja,2020-02-27,15
grodnenskaja,2020-02-28,15
grodnenskaja,2020-04-06,15
grodnenskaja,2020-04-23,15
grodnenskaja,2020-05-21,15
minsk,2020-01-08,15
minskaja,2017-08-03,15
minskaja,2019-07-08,15
mogilevskaja,2017-12-06,15
mogilevskaja,2017-12-21,15
mogilevskaja,2018-06-26,15
mogilevskaja,2020-05-12,15
vitebskaja,2019-06-17,15
vitebskaja,2019-06-21,15
vitebskaja,2019-06-27,15
vitebskaja,2019-07-25,15
vitebskaja,2019-08-26,15
vitebskaja,2019-08-30,15
vitebskaja,2019-09-04,15
vitebskaja,2019-09-06,15
vitebskaja,2019-09-19,15
vitebskaja,2019-12-19,15
vitebskaja,2020-02-07,15
vitebskaja,2020-02-28,15
vitebskaja,2020-05-05,15
vitebskaja,2020-06-12,15
brestskaja,2019-09-30,14
brestskaja,2019-10-02,14
brestskaja,2019-10-09,14
brestskaja,2019-11-15,14
brestskaja,2019-11-16,14
brestskaja,2019-12-20,14
brestskaja,2019-12-24,14
brestskaja,2020-01-13,14
brestskaja,2020-02-18,14
brestskaja,2020-03-27,14
brestskaja,2020-04-16,14
brestskaja,2020-04-23,14
brestskaja,2020-05-13,14
gomelskaja,2020-03-18,14
gomelskaja,2020-04-17,14
grodnenskaja,2019-05-31,14
grodnenskaja,2019-08-27,14
grodnenskaja,2019-10-17,14
grodnenskaja,2019-10-18,14
grodnenskaja,2019-11-16,14
grodnenskaja,2019-12-31,14
grodnenskaja,2020-02-03,14
grodnenskaja,2020-03-11,14
grodnenskaja,2020-05-14,14
grodnenskaja,2020-06-03,14
mogilevskaja,2018-03-27,14
mogilevskaja,2020-06-02,14
mogilevskaja,2020-06-10,14
vitebskaja,2019-07-19,14
vitebskaja,2019-08-20,14
vitebskaja,2019-11-20,14
vitebskaja,2019-12-13,14
vitebskaja,2020-01-20,14
vitebskaja,2020-01-30,14
vitebskaja,2020-02-06,14
vitebskaja,2020-03-05,14
vitebskaja,2020-04-16,14
vitebskaja,2020-05-29,14
vitebskaja,2020-06-10,14
brestskaja,2019-10-03,13
brestskaja,2019-11-27,13
brestskaja,2019-12-13,13
brestskaja,2020-01-29,13
brestskaja,2020-02-05,13
brestskaja,2020-02-24,13
brestskaja,2020-05-22,13
brestskaja,2020-06-04,13
gomelskaja,2020-03-04,13
gomelskaja,2020-03-13,13
grodnenskaja,2019-06-26,13
grodnenskaja,2019-07-04,13
grodnenskaja,2019-07-18,13
grodnenskaja,2019-07-23,13
grodnenskaja,2019-08-02,13
grodnenskaja,2019-08-05,13
grodnenskaja,2019-09-19,13
grodnenskaja,2019-10-14,13
grodnenskaja,2020-01-13,13
grodnenskaja,2020-01-23,13
grodnenskaja,2020-01-24,13
grodnenskaja,2020-03-05,13
grodnenskaja,2020-04-24,13
grodnenskaja,2020-05-22,13
grodnenskaja,2020-06-04,13
minsk,2019-01-09,13
mogilevskaja,2020-04-14,13
vitebskaja,2019-09-26,13
vitebskaja,2019-10-17,13
vitebskaja,2019-10-22,13
vitebskaja,2019-11-28,13
vitebskaja,2019-12-27,13
vitebskaja,2020-01-10,13
vitebskaja,2020-02-13,13
vitebskaja,2020-02-20,13
vitebskaja,2020-02-27,13
vitebskaja,2020-05-13,13
vitebskaja,2020-06-04,13
brestskaja,2019-10-11,12
brestskaja,2019-10-30,12
brestskaja,2019-11-05,12
brestskaja,2019-11-20,12
brestskaja,2019-12-31,12
brestskaja,2020-01-21,12
brestskaja,2020-02-06,12
brestskaja,2020-03-05,12
brestskaja,2020-03-20,12
brestskaja,2020-04-22,12
gomelskaja,2020-01-09,12
gomelskaja,2020-02-25,12
gomelskaja,2020-03-19,12
gomelskaja,2020-03-26,12
grodnenskaja,2019-05-23,12
grodnenskaja,2019-06-07,12
grodnenskaja,2019-08-29,12
grodnenskaja,2019-09-25,12
grodnenskaja,2019-10-03,12
grodnenskaja,2019-10-09,12
grodnenskaja,2019-10-23,12
grodnenskaja,2019-11-14,12
grodnenskaja,2019-12-12,12
grodnenskaja,2019-12-20,12
grodnenskaja,2020-01-15,12
grodnenskaja,2020-02-05,12
grodnenskaja,2020-03-27,12
grodnenskaja,2020-04-02,12
grodnenskaja,2020-04-08,12
minsk,2020-06-29,12
minskaja,2018-08-08,12
mogilevskaja,2018-04-10,12
mogilevskaja,2018-12-18,12
mogilevskaja,2019-04-30,12
vitebskaja,2019-06-13,12
vitebskaja,2019-06-14,12
vitebskaja,2019-07-05,12
vitebskaja,2019-09-02,12
vitebskaja,2019-09-27,12
vitebskaja,2019-10-10,12
vitebskaja,2019-10-30,12
vitebskaja,2019-11-21,12
vitebskaja,2019-11-22,12
vitebskaja,2019-12-06,12
vitebskaja,2020-01-17,12
vitebskaja,2020-02-19,12
vitebskaja,2020-04-01,12
vitebskaja,2020-04-10,12
brestskaja,2019-11-19,11
brestskaja,2019-11-25,11
brestskaja,2019-12-17,11
brestskaja,2019-12-27,11
brestskaja,2020-01-10,11
brestskaja,2020-02-12,11
brestskaja,2020-02-20,11
brestskaja,2020-02-27,11
brestskaja,2020-05-06,11
brestskaja,2020-05-14,11
brestskaja,2020-06-02,11
gomelskaja,2020-01-08,11
gomelskaja,2020-01-14,11
gomelskaja,2020-02-11,11
gomelskaja,2020-03-20,11
grodnenskaja,2019-05-17,11
grodnenskaja,2019-06-14,11
grodnenskaja,2019-07-02,11
grodnenskaja,2019-07-10,11
grodnenskaja,2019-07-19,11
grodnenskaja,2019-07-31,11
grodnenskaja,2019-08-09,11
grodnenskaja,2019-08-28,11
grodnenskaja,2019-09-27,11
grodnenskaja,2019-10-07,11
grodnenskaja,2019-11-01,11
grodnenskaja,2019-12-05,11
grodnenskaja,2019-12-17,11
grodnenskaja,2020-02-06,11
grodnenskaja,2020-03-04,11
grodnenskaja,2020-03-19,11
grodnenskaja,2020-05-08,11
grodnenskaja,2020-05-27,11
minskaja,2019-12-30,11
mogilevskaja,2018-06-12,11
mogilevskaja,2019-01-08,11
mogilevskaja,2019-07-23,11
mogilevskaja,2019-10-08,11
mogilevskaja,2020-06-12,11
vitebskaja,2019-06-10,11
vitebskaja,2019-06-18,11
vitebskaja,2019-07-15,11
vitebskaja,2019-07-29,11
vitebskaja,2019-10-07,11
vitebskaja,2019-11-13,11
vitebskaja,2019-12-05,11
vitebskaja,2020-02-24,11
vitebskaja,2020-03-19,11
vitebskaja,2020-04-09,11
vitebskaja,2020-05-20,11
vitebskaja,2020-05-25,11
vitebskaja,2020-05-28,11
brestskaja,2019-11-18,10
brestskaja,2019-11-26,10
brestskaja,2019-12-18,10
brestskaja,2020-01-16,10
brestskaja,2020-01-17,10
brestskaja,2020-02-19,10
brestskaja,2020-04-03,10
brestskaja,2020-05-08,10
brestskaja,2020-06-03,10
brestskaja,2020-06-10,10
gomelskaja,2019-12-03,10
gomelskaja,2019-12-10,10
gomelskaja,2020-02-26,10
grodnenskaja,2019-06-11,10
grodnenskaja,2019-07-11,10
grodnenskaja,2019-07-15,10
grodnenskaja,2019-08-15,10
grodnenskaja,2019-08-23,10
grodnenskaja,2019-09-04,10
grodnenskaja,2019-09-06,10
grodnenskaja,2019-09-12,10
grodnenskaja,2019-10-02,10
grodnenskaja,2019-10-24,10
grodnenskaja,2019-10-30,10
grodnenskaja,2019-10-31,10
grodnenskaja,2019-11-06,10
grodnenskaja,2019-11-13,10
grodnenskaja,2019-11-27,10
grodnenskaja,2019-11-28,10
grodnenskaja,2019-12-03,10
grodnenskaja,2020-01-03,10
grodnenskaja,2020-01-30,10
grodnenskaja,2020-02-07,10
grodnenskaja,2020-02-19,10
grodnenskaja,2020-02-21,10
grodnenskaja,2020-03-06,10
grodnenskaja,2020-03-26,10
grodnenskaja,2020-06-02,10
minsk,2020-06-24,10
minsk,2020-06-25,10
mogilevskaja,2018-09-11,10
mogilevskaja,2018-11-20,10
mogilevskaja,2019-06-11,10
mogilevskaja,2019-06-18,10
mogilevskaja,2019-10-22,10
mogilevskaja,2020-06-15,10
vitebskaja,2019-07-10,10
vitebskaja,2019-08-21,10
vitebskaja,2019-09-17,10
vitebskaja,2019-10-02,10
vitebskaja,2020-01-08,10
vitebskaja,2020-01-28,10
vitebskaja,2020-02-14,10
vitebskaja,2020-03-25,10
vitebskaja,2020-05-19,10
brestskaja,2019-11-13,9
brestskaja,2020-01-03,9
brestskaja,2020-01-30,9
brestskaja,2020-05-05,9
brestskaja,2020-05-20,9
brestskaja,2020-06-11,9
gomelskaja,2018-01-23,9
gomelskaja,2020-01-04,9
grodnenskaja,2019-05-28,9
grodnenskaja,2019-07-24,9
grodnenskaja,2019-08-16,9
grodnenskaja,2019-09-16,9
grodnenskaja,2019-09-26,9
grodnenskaja,2019-10-11,9
grodnenskaja,2019-11-15,9
grodnenskaja,2019-12-06,9
grodnenskaja,2019-12-18,9
grodnenskaja,2020-01-21,9
grodnenskaja,2020-01-31,9
grodnenskaja,2020-02-12,9
grodnenskaja,2020-03-18,9
grodnenskaja,2020-05-04,9
grodnenskaja,2020-05-13,9
grodnenskaja,2020-05-15,9
mogilevskaja,2017-12-07,9
mogilevskaja,2018-08-03,9
mogilevskaja,2020-01-14,9
mogilevskaja,2020-06-11,9
vitebskaja,2019-07-11,9
vitebskaja,2019-07-30,9
vitebskaja,2019-08-15,9
vitebskaja,2019-08-22,9
vitebskaja,2019-10-08,9
vitebskaja,2019-10-09,9
vitebskaja,2020-03-06,9
vitebskaja,2020-04-06,9
vitebskaja,2020-04-15,9
vitebskaja,2020-04-21,9
vitebskaja,2020-05-06,9
brestskaja,2019-10-22,8
brestskaja,2020-01-28,8
brestskaja,2020-02-17,8
brestskaja,2020-04-06,8
brestskaja,2020-04-09,8
brestskaja,2020-04-10,8
brestskaja,2020-05-12,8
gomelskaja,2020-03-25,8
grodnenskaja,2019-06-04,8
grodnenskaja,2019-07-05,8
grodnenskaja,2019-08-08,8
grodnenskaja,2019-08-22,8
grodnenskaja,2019-09-05,8
grodnenskaja,2019-09-10,8
grodnenskaja,2019-10-16,8
grodnenskaja,2019-11-20,8
grodnenskaja,2019-12-13,8
grodnenskaja,2020-06-10,8
minsk,2020-06-30,8
minskaja,2017-07-12,8
minskaja,2018-12-29,8
mogilevskaja,2020-01-08,8
vitebskaja,2019-06-25,8
vitebskaja,2019-08-01,8
vitebskaja,2019-09-11,8
vitebskaja,2019-10-03,8
vitebskaja,2019-10-25,8
vitebskaja,2019-11-12,8
vitebskaja,2019-11-27,8
vitebskaja,2019-12-11,8
vitebskaja,2020-01-24,8
vitebskaja,2020-02-12,8
vitebskaja,2020-03-11,8
vitebskaja,2020-03-12,8
vitebskaja,2020-03-31,8
vitebskaja,2020-04-23,8
vitebskaja,2020-06-09,8
brestskaja,2019-10-25,7
brestskaja,2019-11-21,7
brestskaja,2019-12-04,7
brestskaja,2019-12-19,7
brestskaja,2020-01-15,7
brestskaja,2020-02-11,7
brestskaja,2020-02-28,7
brestskaja,2020-03-31,7
brestskaja,2020-04-07,7
gomelskaja,2018-01-29,7
grodnenskaja,2019-06-28,7
grodnenskaja,2019-07-29,7
grodnenskaja,2019-08-07,7
grodnenskaja,2019-08-14,7
grodnenskaja,2019-08-30,7
grodnenskaja,2019-09-18,7
grodnenskaja,2019-09-24,7
grodnenskaja,2019-12-11,7
grodnenskaja,2019-12-19,7
grodnenskaja,2019-12-24,7
grodnenskaja,2020-01-04,7
grodnenskaja,2020-01-16,7
grodnenskaja,2020-02-18,7
grodnenskaja,2020-03-03,7
grodnenskaja,2020-03-25,7
grodnenskaja,2020-04-01,7
grodnenskaja,2020-04-07,7
minsk,2020-06-26,7
minskaja,2017-12-29,7
vitebskaja,2019-06-05,7
vitebskaja,2019-06-12,7
vitebskaja,2019-07-16,7
vitebskaja,2019-09-18,7
vitebskaja,2019-09-25,7
vitebskaja,2019-10-15,7
vitebskaja,2019-11-01,7
vitebskaja,2019-11-14,7
vitebskaja,2019-12-04,7
vitebskaja,2019-12-18,7
vitebskaja,2019-12-24,7
vitebskaja,2020-01-23,7
vitebskaja,2020-02-04,7
vitebskaja,2020-03-03,7
vitebskaja,2020-04-08,7
vitebskaja,2020-04-14,7
vitebskaja,2020-05-14,7
vitebskaja,2020-05-21,7
vitebskaja,2020-06-05,7
brestskaja,2020-01-08,6
brestskaja,2020-01-09,6
brestskaja,2020-01-22,6
brestskaja,2020-02-26,6
brestskaja,2020-03-18,6
gomelskaja,2018-01-25,6
gomelskaja,2018-01-30,6
gomelskaja,2019-12-24,6
gomelskaja,2020-03-17,6
gomelskaja,2020-04-04,6
grodnenskaja,2019-06-05,6
grodnenskaja,2019-06-12,6
grodnenskaja,2019-07-30,6
grodnenskaja,2019-08-21,6
grodnenskaja,2019-09-17,6
grodnenskaja,2019-10-29,6
grodnenskaja,2019-12-10,6
grodnenskaja,2020-01-08,6
grodnenskaja,2020-01-14,6
grodnenskaja,2020-01-22,6
grodnenskaja,2020-03-24,6
grodnenskaja,2020-04-03,6
grodnenskaja,2020-04-21,6
grodnenskaja,2020-05-19,6
grodnenskaja,2020-06-11,6
minskaja,2018-12-26,6
mogilevskaja,2018-08-07,6
vitebskaja,2019-06-11,6
vitebskaja,2019-07-09,6
vitebskaja,2019-07-22,6
vitebskaja,2019-07-24,6
vitebskaja,2019-07-31,6
vitebskaja,2019-08-16,6
vitebskaja,2019-09-10,6
vitebskaja,2019-09-16,6
vitebskaja,2019-10-29,6
vitebskaja,2020-01-22,6
vitebskaja,2020-02-05,6
vitebskaja,2020-02-18,6
brestskaja,2020-01-14,5
brestskaja,2020-03-10,5
brestskaja,2020-03-24,5
brestskaja,2020-05-26,5
gomelskaja,2020-06-11,5
gomelskaja,2020-06-24,5
gomelskaja,2020-06-29,5
gomelskaja,2020-07-01,5
grodnenskaja,2019-05-29,5
grodnenskaja,2019-06-13,5
grodnenskaja,2019-06-19,5
grodnenskaja,2019-07-16,5
grodnenskaja,2019-08-06,5
grodnenskaja,2019-09-11,5
grodnenskaja,2019-10-01,5
grodnenskaja,2019-10-15,5
grodnenskaja,2019-12-27,5
grodnenskaja,2020-01-10,5
grodnenskaja,2020-03-31,5
grodnenskaja,2020-04-17,5
minskaja,2019-12-27,5
mogilevskaja,2017-12-12,5
mogilevskaja,2017-12-20,5
mogilevskaja,2019-01-04,5
mogilevskaja,2020-01-09,5
vitebskaja,2019-06-20,5
vitebskaja,2019-07-02,5
vitebskaja,2019-08-13,5
vitebskaja,2019-08-27,5
vitebskaja,2019-09-03,5
vitebskaja,2019-10-01,5
vitebskaja,2019-11-16,5
vitebskaja,2020-01-04,5
vitebskaja,2020-03-17,5
vitebskaja,2020-06-02,5
vitebskaja,2020-06-17,5
brestskaja,2019-09-26,4
brestskaja,2019-10-29,4
brestskaja,2020-02-04,4
brestskaja,2020-02-25,4
brestskaja,2020-03-11,4
brestskaja,2020-04-21,4
gomelskaja,2018-01-26,4
gomelskaja,2018-01-31,4
grodnenskaja,2019-05-21,4
grodnenskaja,2019-07-17,4
grodnenskaja,2019-08-13,4
grodnenskaja,2019-08-20,4
grodnenskaja,2019-10-08,4
grodnenskaja,2020-03-10,4
grodnenskaja,2020-03-17,4
minskaja,2018-12-27,4
mogilevskaja,2018-01-09,4
mogilevskaja,2020-01-04,4
mogilevskaja,2020-06-09,4
mogilevskaja,2020-07-02,4
vitebskaja,2019-07-23,4
vitebskaja,2019-08-02,4
vitebskaja,2019-08-08,4
vitebskaja,2019-08-28,4
vitebskaja,2019-09-12,4
vitebskaja,2019-09-13,4
vitebskaja,2019-09-24,4
vitebskaja,2019-12-31,4
vitebskaja,2020-02-11,4
brestskaja,2019-10-01,3
brestskaja,2020-05-19,3
brestskaja,2020-06-09,3
brestskaja,2020-06-22,3
gomelskaja,2018-01-03,3
gomelskaja,2018-05-07,3
gomelskaja,2019-06-10,3
grodnenskaja,2019-06-21,3
grodnenskaja,2019-06-25,3
grodnenskaja,2019-07-09,3
grodnenskaja,2019-09-03,3
grodnenskaja,2019-11-05,3
grodnenskaja,2019-11-26,3
grodnenskaja,2020-01-28,3
grodnenskaja,2020-02-11,3
grodnenskaja,2020-04-14,3
grodnenskaja,2020-05-06,3
grodnenskaja,2020-05-12,3
grodnenskaja,2020-05-26,3
minskaja,2018-06-01,3
mogilevskaja,2017-12-04,3
mogilevskaja,2017-12-18,3
mogilevskaja,2019-07-02,3
vitebskaja,2019-06-03,3
vitebskaja,2019-06-04,3
vitebskaja,2019-06-19,3
vitebskaja,2019-07-18,3
vitebskaja,2019-08-09,3
vitebskaja,2019-12-03,3
vitebskaja,2020-03-10,3
vitebskaja,2020-05-12,3
vitebskaja,2020-06-16,3
brestskaja,2019-01-25,2
brestskaja,2019-09-23,2
brestskaja,2019-09-24,2
brestskaja,2019-09-25,2
brestskaja,2019-11-12,2
brestskaja,2020-02-21,2
brestskaja,2020-04-14,2
brestskaja,2020-04-30,2
brestskaja,2020-06-24,2
brestskaja,2020-06-25,2
gomelskaja,2018-08-15,2
gomelskaja,2019-04-01,2
gomelskaja,2019-04-02,2
gomelskaja,2019-06-07,2
gomelskaja,2019-08-23,2
gomelskaja,2019-10-21,2
gomelskaja,2019-11-16,2
gomelskaja,2020-03-24,2
gomelskaja,2020-03-27,2
gomelskaja,2020-06-05,2
gomelskaja,2020-06-08,2
gomelskaja,2020-06-12,2
gomelskaja,2020-06-17,2
grodnenskaja,2019-11-12,2
grodnenskaja,2020-01-09,2
grodnenskaja,2020-02-25,2
grodnenskaja,2020-04-30,2
grodnenskaja,2020-05-05,2
minsk,2020-07-01,2
minskaja,2018-05-15,2
minskaja,2018-06-05,2
minskaja,2018-06-15,2
minskaja,2019-03-11,2
minskaja,2020-06-08,2
mogilevskaja,2017-12-13,2
mogilevskaja,2018-01-16,2
mogilevskaja,2018-12-25,2
mogilevskaja,2020-06-22,2
mogilevskaja,2020-06-23,2
vitebskaja,2013-01-14,2
vitebskaja,2018-03-01,2
vitebskaja,2019-05-31,2
vitebskaja,2019-07-17,2
vitebskaja,2019-08-06,2
vitebskaja,2019-08-07,2
vitebskaja,2020-01-09,2
vitebskaja,2020-01-21,2
vitebskaja,2020-06-18,2
vitebskaja,2020-06-22,2
vitebskaja,2020-06-26,2
brestskaja,2018-05-11,1
brestskaja,2018-12-19,1
brestskaja,2019-01-08,1
brestskaja,2019-01-09,1
brestskaja,2019-03-07,1
brestskaja,2019-09-06,1
brestskaja,2019-09-20,1
brestskaja,2019-09-27,1
brestskaja,2019-10-15,1
brestskaja,2020-01-04,1
brestskaja,2020-06-12,1
brestskaja,2020-06-15,1
brestskaja,2020-06-17,1
brestskaja,2020-06-29,1
gomelskaja,2017-04-05,1
gomelskaja,2018-02-20,1
gomelskaja,2018-02-23,1
gomelskaja,2018-02-28,1
gomelskaja,2018-04-09,1
gomelskaja,2018-04-20,1
gomelskaja,2018-05-10,1
gomelskaja,2018-05-18,1
gomelskaja,2018-05-21,1
gomelskaja,2018-05-24,1
gomelskaja,2018-05-28,1
gomelskaja,2018-06-22,1
gomelskaja,2018-07-04,1
gomelskaja,2018-07-09,1
gomelskaja,2018-08-02,1
gomelskaja,2018-08-03,1
gomelskaja,2018-08-08,1
gomelskaja,2018-08-13,1
gomelskaja,2018-09-27,1
gomelskaja,2018-12-19,1
gomelskaja,2019-02-05,1
gomelskaja,2019-03-28,1
gomelskaja,2019-04-15,1
gomelskaja,2019-04-25,1
gomelskaja,2019-06-13,1
gomelskaja,2019-06-14,1
gomelskaja,2019-06-24,1
gomelskaja,2019-09-27,1
gomelskaja,2019-10-01,1
gomelskaja,2019-10-11,1
gomelskaja,2019-10-14,1
gomelskaja,2019-10-15,1
gomelskaja,2019-10-16,1
gomelskaja,2019-10-31,1
gomelskaja,2019-11-11,1
gomelskaja,2019-11-19,1
gomelskaja,2019-11-25,1
gomelskaja,2019-11-27,1
gomelskaja,2019-11-28,1
gomelskaja,2020-02-23,1
gomelskaja,2020-06-18,1
gomelskaja,2020-06-23,1
gomelskaja,2020-07-02,1
grodnenskaja,2019-06-18,1
grodnenskaja,2019-10-22,1
grodnenskaja,2020-06-09,1
grodnenskaja,2020-06-15,1
grodnenskaja,2020-06-24,1
grodnenskaja,2020-06-25,1
minskaja,2018-03-16,1
minskaja,2018-05-08,1
minskaja,2018-05-24,1
minskaja,2018-05-30,1
minskaja,2018-06-04,1
minskaja,2018-06-11,1
minskaja,2018-06-13,1
minskaja,2018-06-18,1
minskaja,2018-06-19,1
minskaja,2018-06-26,1
minskaja,2020-06-12,1
minskaja,2020-06-15,1
minskaja,2020-06-25,1
mogilevskaja,2016-12-01,1
mogilevskaja,2017-03-16,1
mogilevskaja,2017-04-21,1
mogilevskaja,2017-06-07,1
mogilevskaja,2017-11-04,1
mogilevskaja,2017-11-15,1
mogilevskaja,2017-11-20,1
mogilevskaja,2017-11-21,1
mogilevskaja,2017-11-23,1
mogilevskaja,2017-12-14,1
mogilevskaja,2017-12-15,1
mogilevskaja,2020-06-16,1
mogilevskaja,2020-06-24,1
mogilevskaja,2020-06-25,1
vitebskaja,2018-03-03,1
vitebskaja,2018-05-24,1
vitebskaja,2018-05-29,1
vitebskaja,2018-09-18,1
vitebskaja,2019-05-24,1
vitebskaja,2019-05-27,1
vitebskaja,2019-08-14,1
vitebskaja,2019-11-05,1
vitebskaja,2019-12-01,1
vitebskaja,2020-06-23,1
vitebskaja,2020-06-25,1
vitebskaja,2020-06-29,1
